ISO-10303-21;
HEADER;
/* Generated by software containing ST-Developer
 * from STEP Tools, Inc. (www.steptools.com) 
 */
/* OPTION: using custom renumber hook */

FILE_DESCRIPTION(
/* description */ ('STEP AP242 Edition 2',
'CAx-IF Rec.Pracs.---Representation and Presentation of Product Manufa
cturing Information (PMI)---4.0---2014-10-13',
'CAx-IF Rec.Pracs.---3D Tessellated Geometry---0.4---2014-09-14','2;1',
'CAx-IF Rec.Pracs.---User Defined Attributes---1.5---2016-08-15'),
/* implementation_level */ '2;1');

FILE_NAME(
/* name */ 'Part Studio 1.1',
/* time_stamp */ '2026-08-24T04:22:18Z',
/* author */ (''),
/* organization */ (''),
/* preprocessor_version */ 'ST-DEVELOPER v20',
/* originating_system */ 'ONSHAPE BY PTC INC, 1.219',
/* authorisation */ '  ');

FILE_SCHEMA (('AP242_MANAGED_MODEL_BASED_3D_ENGINEERING_MIM_LF { 1 0 10303 442 3 1 4 }'));
ENDSEC;

DATA;
#10=B_SPLINE_CURVE_WITH_KNOTS('',3,(#4804,#4805,#4806,#4807,#4808,#4809,
#4810,#4811,#4812,#4813,#4814,#4815,#4816),.UNSPECIFIED.,.T.,.F.,(1,1,1,
1,1,1,1,1,1,1,1,1,1,1,1,1,1),(-0.00352880637913471,-0.00235253758608973,
-0.00117626879304475,2.33079966448021E-16,0.00117626879304521,0.00235253758609019,
0.00352880637913517,0.00411694077565766,0.00470507517218015,0.00529320956870264,
0.00588134396522513,0.00705761275827011,0.0082338815513151,0.00941015034436008,
0.0105864191374051,0.01176268793045,0.012938956723495),.UNSPECIFIED.);
#11=B_SPLINE_CURVE_WITH_KNOTS('',3,(#4824,#4825,#4826,#4827,#4828,#4829,
#4830,#4831,#4832,#4833,#4834,#4835,#4836),.UNSPECIFIED.,.T.,.F.,(1,1,1,
1,1,1,1,1,1,1,1,1,1,1,1,1,1),(-0.00235296999582556,-0.00117648499791278,
-0.000588242498956389,0.,0.000588242498956389,0.00117648499791278,0.00235296999582556,
0.00352945499373834,0.00470593999165111,0.00588242498956389,0.00705890998747667,
0.00823539498538945,0.00882363748434584,0.00941187998330223,0.0100001224822586,
0.010588364981215,0.0117648499791278),.UNSPECIFIED.);
#12=B_SPLINE_CURVE_WITH_KNOTS('',3,(#4975,#4976,#4977,#4978,#4979,#4980,
#4981),.UNSPECIFIED.,.F.,.F.,(4,1,1,1,4),(0.,0.00099338780162741,0.00198677560325482,
0.00298016340488223,0.00397355120650964),.UNSPECIFIED.);
#13=SHAPE_REPRESENTATION_RELATIONSHIP('','',#3363,#23);
#14=SHAPE_REPRESENTATION_RELATIONSHIP('','',#3364,#24);
#15=SHAPE_REPRESENTATION_RELATIONSHIP('','',#3365,#25);
#16=SHAPE_REPRESENTATION_RELATIONSHIP('','',#3366,#26);
#17=SHAPE_REPRESENTATION_RELATIONSHIP('','',#3367,#27);
#18=SHAPE_REPRESENTATION_RELATIONSHIP('','',#3368,#28);
#19=SHAPE_REPRESENTATION_RELATIONSHIP('','',#3369,#29);
#20=SHAPE_REPRESENTATION_RELATIONSHIP('','',#3370,#30);
#21=SHAPE_REPRESENTATION_RELATIONSHIP('','',#3371,#31);
#22=SHAPE_REPRESENTATION_RELATIONSHIP('','',#3372,#32);
#23=ADVANCED_BREP_SHAPE_REPRESENTATION('',(#3343),#5662);
#24=ADVANCED_BREP_SHAPE_REPRESENTATION('',(#3344),#5663);
#25=ADVANCED_BREP_SHAPE_REPRESENTATION('',(#3345),#5664);
#26=ADVANCED_BREP_SHAPE_REPRESENTATION('',(#3346),#5665);
#27=ADVANCED_BREP_SHAPE_REPRESENTATION('',(#3347),#5666);
#28=ADVANCED_BREP_SHAPE_REPRESENTATION('',(#3348),#5667);
#29=ADVANCED_BREP_SHAPE_REPRESENTATION('',(#3349),#5668);
#30=ADVANCED_BREP_SHAPE_REPRESENTATION('',(#3350),#5669);
#31=ADVANCED_BREP_SHAPE_REPRESENTATION('',(#3351),#5670);
#32=ADVANCED_BREP_SHAPE_REPRESENTATION('',(#3352),#5671);
#33=PLANE('',#3377);
#34=PLANE('',#3381);
#35=PLANE('',#3382);
#36=PLANE('',#3385);
#37=PLANE('',#3391);
#38=PLANE('',#3397);
#39=PLANE('',#3399);
#40=PLANE('',#3400);
#41=PLANE('',#3404);
#42=PLANE('',#3405);
#43=PLANE('',#3411);
#44=PLANE('',#3414);
#45=PLANE('',#3418);
#46=PLANE('',#3420);
#47=PLANE('',#3423);
#48=PLANE('',#3426);
#49=PLANE('',#3429);
#50=PLANE('',#3430);
#51=PLANE('',#3431);
#52=PLANE('',#3432);
#53=PLANE('',#3433);
#54=PLANE('',#3442);
#55=PLANE('',#3445);
#56=PLANE('',#3447);
#57=PLANE('',#3449);
#58=PLANE('',#3454);
#59=PLANE('',#3460);
#60=PLANE('',#3463);
#61=PLANE('',#3473);
#62=PLANE('',#3475);
#63=PLANE('',#3480);
#64=PLANE('',#3489);
#65=PLANE('',#3493);
#66=PLANE('',#3510);
#67=PLANE('',#3511);
#68=PLANE('',#3512);
#69=PLANE('',#3513);
#70=PLANE('',#3515);
#71=PLANE('',#3517);
#72=PLANE('',#3519);
#73=PLANE('',#3520);
#74=PLANE('',#3521);
#75=PLANE('',#3522);
#76=PLANE('',#3543);
#77=PLANE('',#3544);
#78=PLANE('',#3545);
#79=PLANE('',#3548);
#80=PLANE('',#3549);
#81=PLANE('',#3550);
#82=PLANE('',#3551);
#83=PLANE('',#3554);
#84=PLANE('',#3557);
#85=PLANE('',#3568);
#86=PLANE('',#3569);
#87=PLANE('',#3578);
#88=PLANE('',#3581);
#89=PLANE('',#3587);
#90=PLANE('',#3588);
#91=PLANE('',#3591);
#92=PLANE('',#3594);
#93=PLANE('',#3597);
#94=PLANE('',#3600);
#95=PLANE('',#3603);
#96=PLANE('',#3608);
#97=PLANE('',#3614);
#98=PLANE('',#3629);
#99=PLANE('',#3633);
#100=PLANE('',#3634);
#101=PLANE('',#3635);
#102=PLANE('',#3636);
#103=PLANE('',#3637);
#104=PLANE('',#3639);
#105=PLANE('',#3643);
#106=PLANE('',#3644);
#107=PLANE('',#3645);
#108=PLANE('',#3646);
#109=PLANE('',#3650);
#110=PLANE('',#3656);
#111=PLANE('',#3659);
#112=PLANE('',#3660);
#113=PLANE('',#3661);
#114=PLANE('',#3662);
#115=PLANE('',#3663);
#116=PLANE('',#3667);
#117=PLANE('',#3668);
#118=PLANE('',#3669);
#119=PLANE('',#3670);
#120=PLANE('',#3674);
#121=PLANE('',#3678);
#122=PLANE('',#3679);
#123=PLANE('',#3680);
#124=PLANE('',#3682);
#125=PLANE('',#3684);
#126=PLANE('',#3685);
#127=PLANE('',#3689);
#128=PLANE('',#3693);
#129=PLANE('',#3694);
#130=PLANE('',#3699);
#131=PLANE('',#3703);
#132=PLANE('',#3704);
#133=PLANE('',#3707);
#134=PLANE('',#3713);
#135=PLANE('',#3717);
#136=PLANE('',#3721);
#137=PLANE('',#3725);
#138=PLANE('',#3726);
#139=PLANE('',#3727);
#140=PLANE('',#3729);
#141=PLANE('',#3731);
#142=PLANE('',#3732);
#143=PLANE('',#3733);
#144=PLANE('',#3740);
#145=PLANE('',#3741);
#146=LINE('',#4719,#380);
#147=LINE('',#4723,#381);
#148=LINE('',#4725,#382);
#149=LINE('',#4727,#383);
#150=LINE('',#4729,#384);
#151=LINE('',#4733,#385);
#152=LINE('',#4737,#386);
#153=LINE('',#4738,#387);
#154=LINE('',#4765,#388);
#155=LINE('',#4768,#389);
#156=LINE('',#4770,#390);
#157=LINE('',#4772,#391);
#158=LINE('',#4780,#392);
#159=LINE('',#4782,#393);
#160=LINE('',#4784,#394);
#161=LINE('',#4786,#395);
#162=LINE('',#4788,#396);
#163=LINE('',#4790,#397);
#164=LINE('',#4796,#398);
#165=LINE('',#4800,#399);
#166=LINE('',#4802,#400);
#167=LINE('',#4821,#401);
#168=LINE('',#4822,#402);
#169=LINE('',#4841,#403);
#170=LINE('',#4850,#404);
#171=LINE('',#4855,#405);
#172=LINE('',#4859,#406);
#173=LINE('',#4864,#407);
#174=LINE('',#4868,#408);
#175=LINE('',#4873,#409);
#176=LINE('',#4875,#410);
#177=LINE('',#4877,#411);
#178=LINE('',#4879,#412);
#179=LINE('',#4880,#413);
#180=LINE('',#4882,#414);
#181=LINE('',#4883,#415);
#182=LINE('',#4885,#416);
#183=LINE('',#4887,#417);
#184=LINE('',#4889,#418);
#185=LINE('',#4891,#419);
#186=LINE('',#4893,#420);
#187=LINE('',#4895,#421);
#188=LINE('',#4896,#422);
#189=LINE('',#4898,#423);
#190=LINE('',#4959,#424);
#191=LINE('',#4961,#425);
#192=LINE('',#4966,#426);
#193=LINE('',#4968,#427);
#194=LINE('',#4972,#428);
#195=LINE('',#4983,#429);
#196=LINE('',#4992,#430);
#197=LINE('',#4994,#431);
#198=LINE('',#4996,#432);
#199=LINE('',#4998,#433);
#200=LINE('',#5010,#434);
#201=LINE('',#5012,#435);
#202=LINE('',#5014,#436);
#203=LINE('',#5016,#437);
#204=LINE('',#5018,#438);
#205=LINE('',#5020,#439);
#206=LINE('',#5022,#440);
#207=LINE('',#5024,#441);
#208=LINE('',#5029,#442);
#209=LINE('',#5057,#443);
#210=LINE('',#5059,#444);
#211=LINE('',#5061,#445);
#212=LINE('',#5062,#446);
#213=LINE('',#5065,#447);
#214=LINE('',#5067,#448);
#215=LINE('',#5069,#449);
#216=LINE('',#5073,#450);
#217=LINE('',#5079,#451);
#218=LINE('',#5082,#452);
#219=LINE('',#5084,#453);
#220=LINE('',#5086,#454);
#221=LINE('',#5088,#455);
#222=LINE('',#5089,#456);
#223=LINE('',#5091,#457);
#224=LINE('',#5093,#458);
#225=LINE('',#5094,#459);
#226=LINE('',#5096,#460);
#227=LINE('',#5098,#461);
#228=LINE('',#5100,#462);
#229=LINE('',#5104,#463);
#230=LINE('',#5106,#464);
#231=LINE('',#5110,#465);
#232=LINE('',#5112,#466);
#233=LINE('',#5114,#467);
#234=LINE('',#5116,#468);
#235=LINE('',#5118,#469);
#236=LINE('',#5122,#470);
#237=LINE('',#5124,#471);
#238=LINE('',#5126,#472);
#239=LINE('',#5128,#473);
#240=LINE('',#5131,#474);
#241=LINE('',#5132,#475);
#242=LINE('',#5134,#476);
#243=LINE('',#5136,#477);
#244=LINE('',#5138,#478);
#245=LINE('',#5140,#479);
#246=LINE('',#5142,#480);
#247=LINE('',#5145,#481);
#248=LINE('',#5148,#482);
#249=LINE('',#5150,#483);
#250=LINE('',#5153,#484);
#251=LINE('',#5154,#485);
#252=LINE('',#5185,#486);
#253=LINE('',#5187,#487);
#254=LINE('',#5189,#488);
#255=LINE('',#5191,#489);
#256=LINE('',#5193,#490);
#257=LINE('',#5195,#491);
#258=LINE('',#5197,#492);
#259=LINE('',#5199,#493);
#260=LINE('',#5203,#494);
#261=LINE('',#5204,#495);
#262=LINE('',#5205,#496);
#263=LINE('',#5207,#497);
#264=LINE('',#5211,#498);
#265=LINE('',#5231,#499);
#266=LINE('',#5314,#500);
#267=LINE('',#5318,#501);
#268=LINE('',#5320,#502);
#269=LINE('',#5322,#503);
#270=LINE('',#5324,#504);
#271=LINE('',#5328,#505);
#272=LINE('',#5332,#506);
#273=LINE('',#5334,#507);
#274=LINE('',#5336,#508);
#275=LINE('',#5338,#509);
#276=LINE('',#5341,#510);
#277=LINE('',#5343,#511);
#278=LINE('',#5344,#512);
#279=LINE('',#5346,#513);
#280=LINE('',#5348,#514);
#281=LINE('',#5350,#515);
#282=LINE('',#5352,#516);
#283=LINE('',#5354,#517);
#284=LINE('',#5356,#518);
#285=LINE('',#5358,#519);
#286=LINE('',#5359,#520);
#287=LINE('',#5361,#521);
#288=LINE('',#5363,#522);
#289=LINE('',#5365,#523);
#290=LINE('',#5375,#524);
#291=LINE('',#5377,#525);
#292=LINE('',#5379,#526);
#293=LINE('',#5381,#527);
#294=LINE('',#5383,#528);
#295=LINE('',#5392,#529);
#296=LINE('',#5395,#530);
#297=LINE('',#5397,#531);
#298=LINE('',#5399,#532);
#299=LINE('',#5401,#533);
#300=LINE('',#5403,#534);
#301=LINE('',#5407,#535);
#302=LINE('',#5411,#536);
#303=LINE('',#5413,#537);
#304=LINE('',#5418,#538);
#305=LINE('',#5419,#539);
#306=LINE('',#5421,#540);
#307=LINE('',#5423,#541);
#308=LINE('',#5427,#542);
#309=LINE('',#5429,#543);
#310=LINE('',#5431,#544);
#311=LINE('',#5433,#545);
#312=LINE('',#5436,#546);
#313=LINE('',#5437,#547);
#314=LINE('',#5439,#548);
#315=LINE('',#5440,#549);
#316=LINE('',#5442,#550);
#317=LINE('',#5444,#551);
#318=LINE('',#5446,#552);
#319=LINE('',#5454,#553);
#320=LINE('',#5456,#554);
#321=LINE('',#5458,#555);
#322=LINE('',#5460,#556);
#323=LINE('',#5462,#557);
#324=LINE('',#5469,#558);
#325=LINE('',#5472,#559);
#326=LINE('',#5474,#560);
#327=LINE('',#5476,#561);
#328=LINE('',#5483,#562);
#329=LINE('',#5485,#563);
#330=LINE('',#5487,#564);
#331=LINE('',#5489,#565);
#332=LINE('',#5491,#566);
#333=LINE('',#5493,#567);
#334=LINE('',#5495,#568);
#335=LINE('',#5497,#569);
#336=LINE('',#5500,#570);
#337=LINE('',#5501,#571);
#338=LINE('',#5505,#572);
#339=LINE('',#5507,#573);
#340=LINE('',#5509,#574);
#341=LINE('',#5511,#575);
#342=LINE('',#5515,#576);
#343=LINE('',#5516,#577);
#344=LINE('',#5523,#578);
#345=LINE('',#5525,#579);
#346=LINE('',#5527,#580);
#347=LINE('',#5529,#581);
#348=LINE('',#5540,#582);
#349=LINE('',#5544,#583);
#350=LINE('',#5546,#584);
#351=LINE('',#5548,#585);
#352=LINE('',#5550,#586);
#353=LINE('',#5556,#587);
#354=LINE('',#5558,#588);
#355=LINE('',#5559,#589);
#356=LINE('',#5586,#590);
#357=LINE('',#5589,#591);
#358=LINE('',#5591,#592);
#359=LINE('',#5593,#593);
#360=LINE('',#5600,#594);
#361=LINE('',#5603,#595);
#362=LINE('',#5604,#596);
#363=LINE('',#5606,#597);
#364=LINE('',#5608,#598);
#365=LINE('',#5610,#599);
#366=LINE('',#5612,#600);
#367=LINE('',#5614,#601);
#368=LINE('',#5616,#602);
#369=LINE('',#5618,#603);
#370=LINE('',#5620,#604);
#371=LINE('',#5622,#605);
#372=LINE('',#5628,#606);
#373=LINE('',#5630,#607);
#374=LINE('',#5632,#608);
#375=LINE('',#5633,#609);
#376=LINE('',#5636,#610);
#377=LINE('',#5639,#611);
#378=LINE('',#5641,#612);
#379=LINE('',#5643,#613);
#380=VECTOR('',#3748,1.);
#381=VECTOR('',#3751,1.);
#382=VECTOR('',#3754,1.);
#383=VECTOR('',#3755,1.);
#384=VECTOR('',#3756,1.);
#385=VECTOR('',#3761,1.);
#386=VECTOR('',#3766,1.);
#387=VECTOR('',#3767,1.);
#388=VECTOR('',#3804,1.);
#389=VECTOR('',#3805,1.);
#390=VECTOR('',#3806,1.);
#391=VECTOR('',#3807,1.);
#392=VECTOR('',#3816,1.);
#393=VECTOR('',#3817,1.);
#394=VECTOR('',#3818,1.);
#395=VECTOR('',#3819,1.);
#396=VECTOR('',#3822,1.);
#397=VECTOR('',#3823,1.);
#398=VECTOR('',#3830,1.);
#399=VECTOR('',#3833,1.);
#400=VECTOR('',#3834,1.);
#401=VECTOR('',#3841,1.);
#402=VECTOR('',#3842,1.);
#403=VECTOR('',#3849,1.);
#404=VECTOR('',#3864,1.);
#405=VECTOR('',#3867,1.);
#406=VECTOR('',#3872,1.);
#407=VECTOR('',#3875,1.);
#408=VECTOR('',#3880,1.);
#409=VECTOR('',#3883,1.);
#410=VECTOR('',#3886,1.);
#411=VECTOR('',#3887,1.);
#412=VECTOR('',#3888,1.);
#413=VECTOR('',#3889,1.);
#414=VECTOR('',#3892,1.);
#415=VECTOR('',#3893,1.);
#416=VECTOR('',#3894,1.);
#417=VECTOR('',#3897,1.);
#418=VECTOR('',#3898,1.);
#419=VECTOR('',#3899,1.);
#420=VECTOR('',#3900,1.);
#421=VECTOR('',#3903,1.);
#422=VECTOR('',#3904,1.);
#423=VECTOR('',#3905,1.);
#424=VECTOR('',#3990,1.);
#425=VECTOR('',#3991,1.);
#426=VECTOR('',#3996,1.);
#427=VECTOR('',#3997,1.);
#428=VECTOR('',#4002,1.);
#429=VECTOR('',#4003,1.);
#430=VECTOR('',#4012,1.);
#431=VECTOR('',#4013,1.);
#432=VECTOR('',#4014,1.);
#433=VECTOR('',#4015,1.);
#434=VECTOR('',#4030,1.);
#435=VECTOR('',#4031,1.);
#436=VECTOR('',#4032,1.);
#437=VECTOR('',#4033,1.);
#438=VECTOR('',#4034,1.);
#439=VECTOR('',#4035,1.);
#440=VECTOR('',#4036,1.);
#441=VECTOR('',#4039,1.);
#442=VECTOR('',#4042,1.);
#443=VECTOR('',#4071,1.);
#444=VECTOR('',#4072,1.);
#445=VECTOR('',#4073,1.);
#446=VECTOR('',#4074,1.);
#447=VECTOR('',#4077,1.);
#448=VECTOR('',#4078,1.);
#449=VECTOR('',#4079,1.);
#450=VECTOR('',#4082,1.);
#451=VECTOR('',#4089,1.);
#452=VECTOR('',#4090,1.);
#453=VECTOR('',#4091,1.);
#454=VECTOR('',#4092,1.);
#455=VECTOR('',#4093,1.);
#456=VECTOR('',#4094,1.);
#457=VECTOR('',#4095,1.);
#458=VECTOR('',#4098,1.);
#459=VECTOR('',#4099,1.);
#460=VECTOR('',#4102,1.);
#461=VECTOR('',#4103,1.);
#462=VECTOR('',#4104,1.);
#463=VECTOR('',#4109,1.);
#464=VECTOR('',#4110,1.);
#465=VECTOR('',#4115,1.);
#466=VECTOR('',#4116,1.);
#467=VECTOR('',#4117,1.);
#468=VECTOR('',#4118,1.);
#469=VECTOR('',#4119,1.);
#470=VECTOR('',#4124,1.);
#471=VECTOR('',#4125,1.);
#472=VECTOR('',#4126,1.);
#473=VECTOR('',#4129,1.);
#474=VECTOR('',#4130,1.);
#475=VECTOR('',#4131,1.);
#476=VECTOR('',#4134,1.);
#477=VECTOR('',#4135,1.);
#478=VECTOR('',#4138,1.);
#479=VECTOR('',#4139,1.);
#480=VECTOR('',#4142,1.);
#481=VECTOR('',#4143,1.);
#482=VECTOR('',#4148,1.);
#483=VECTOR('',#4149,1.);
#484=VECTOR('',#4152,1.);
#485=VECTOR('',#4153,1.);
#486=VECTOR('',#4190,1.);
#487=VECTOR('',#4193,1.);
#488=VECTOR('',#4194,1.);
#489=VECTOR('',#4195,1.);
#490=VECTOR('',#4198,1.);
#491=VECTOR('',#4199,1.);
#492=VECTOR('',#4200,1.);
#493=VECTOR('',#4203,1.);
#494=VECTOR('',#4208,1.);
#495=VECTOR('',#4209,1.);
#496=VECTOR('',#4210,1.);
#497=VECTOR('',#4211,1.);
#498=VECTOR('',#4218,1.);
#499=VECTOR('',#4253,1.);
#500=VECTOR('',#4372,1.);
#501=VECTOR('',#4375,1.);
#502=VECTOR('',#4378,1.);
#503=VECTOR('',#4379,1.);
#504=VECTOR('',#4380,1.);
#505=VECTOR('',#4385,1.);
#506=VECTOR('',#4390,1.);
#507=VECTOR('',#4391,1.);
#508=VECTOR('',#4392,1.);
#509=VECTOR('',#4395,1.);
#510=VECTOR('',#4396,1.);
#511=VECTOR('',#4397,1.);
#512=VECTOR('',#4398,1.);
#513=VECTOR('',#4399,1.);
#514=VECTOR('',#4400,1.);
#515=VECTOR('',#4401,1.);
#516=VECTOR('',#4404,1.);
#517=VECTOR('',#4405,1.);
#518=VECTOR('',#4406,1.);
#519=VECTOR('',#4409,1.);
#520=VECTOR('',#4410,1.);
#521=VECTOR('',#4413,1.);
#522=VECTOR('',#4414,1.);
#523=VECTOR('',#4415,1.);
#524=VECTOR('',#4428,1.);
#525=VECTOR('',#4429,1.);
#526=VECTOR('',#4432,1.);
#527=VECTOR('',#4433,1.);
#528=VECTOR('',#4436,1.);
#529=VECTOR('',#4449,1.);
#530=VECTOR('',#4450,1.);
#531=VECTOR('',#4451,1.);
#532=VECTOR('',#4452,1.);
#533=VECTOR('',#4453,1.);
#534=VECTOR('',#4454,1.);
#535=VECTOR('',#4457,1.);
#536=VECTOR('',#4460,1.);
#537=VECTOR('',#4461,1.);
#538=VECTOR('',#4466,1.);
#539=VECTOR('',#4467,1.);
#540=VECTOR('',#4470,1.);
#541=VECTOR('',#4471,1.);
#542=VECTOR('',#4476,1.);
#543=VECTOR('',#4479,1.);
#544=VECTOR('',#4480,1.);
#545=VECTOR('',#4483,1.);
#546=VECTOR('',#4484,1.);
#547=VECTOR('',#4485,1.);
#548=VECTOR('',#4486,1.);
#549=VECTOR('',#4487,1.);
#550=VECTOR('',#4490,1.);
#551=VECTOR('',#4491,1.);
#552=VECTOR('',#4494,1.);
#553=VECTOR('',#4505,1.);
#554=VECTOR('',#4506,1.);
#555=VECTOR('',#4509,1.);
#556=VECTOR('',#4510,1.);
#557=VECTOR('',#4513,1.);
#558=VECTOR('',#4524,1.);
#559=VECTOR('',#4525,1.);
#560=VECTOR('',#4526,1.);
#561=VECTOR('',#4527,1.);
#562=VECTOR('',#4536,1.);
#563=VECTOR('',#4537,1.);
#564=VECTOR('',#4538,1.);
#565=VECTOR('',#4539,1.);
#566=VECTOR('',#4540,1.);
#567=VECTOR('',#4541,1.);
#568=VECTOR('',#4542,1.);
#569=VECTOR('',#4545,1.);
#570=VECTOR('',#4546,1.);
#571=VECTOR('',#4547,1.);
#572=VECTOR('',#4552,1.);
#573=VECTOR('',#4553,1.);
#574=VECTOR('',#4556,1.);
#575=VECTOR('',#4557,1.);
#576=VECTOR('',#4562,1.);
#577=VECTOR('',#4563,1.);
#578=VECTOR('',#4572,1.);
#579=VECTOR('',#4575,1.);
#580=VECTOR('',#4576,1.);
#581=VECTOR('',#4577,1.);
#582=VECTOR('',#4594,1.);
#583=VECTOR('',#4597,1.);
#584=VECTOR('',#4600,1.);
#585=VECTOR('',#4601,1.);
#586=VECTOR('',#4602,1.);
#587=VECTOR('',#4609,1.);
#588=VECTOR('',#4612,1.);
#589=VECTOR('',#4613,1.);
#590=VECTOR('',#4650,1.);
#591=VECTOR('',#4651,1.);
#592=VECTOR('',#4652,1.);
#593=VECTOR('',#4653,1.);
#594=VECTOR('',#4662,1.);
#595=VECTOR('',#4663,1.);
#596=VECTOR('',#4664,1.);
#597=VECTOR('',#4667,1.);
#598=VECTOR('',#4668,1.);
#599=VECTOR('',#4669,1.);
#600=VECTOR('',#4670,1.);
#601=VECTOR('',#4671,1.);
#602=VECTOR('',#4672,1.);
#603=VECTOR('',#4673,1.);
#604=VECTOR('',#4676,1.);
#605=VECTOR('',#4677,1.);
#606=VECTOR('',#4684,1.);
#607=VECTOR('',#4685,1.);
#608=VECTOR('',#4688,1.);
#609=VECTOR('',#4689,1.);
#610=VECTOR('',#4694,1.);
#611=VECTOR('',#4695,1.);
#612=VECTOR('',#4696,1.);
#613=VECTOR('',#4697,1.);
#614=ORIENTED_EDGE('',*,*,#1424,.T.);
#615=ORIENTED_EDGE('',*,*,#1425,.F.);
#616=ORIENTED_EDGE('',*,*,#1426,.F.);
#617=ORIENTED_EDGE('',*,*,#1427,.T.);
#618=ORIENTED_EDGE('',*,*,#1428,.F.);
#619=ORIENTED_EDGE('',*,*,#1429,.F.);
#620=ORIENTED_EDGE('',*,*,#1430,.T.);
#621=ORIENTED_EDGE('',*,*,#1425,.T.);
#622=ORIENTED_EDGE('',*,*,#1431,.T.);
#623=ORIENTED_EDGE('',*,*,#1432,.F.);
#624=ORIENTED_EDGE('',*,*,#1433,.F.);
#625=ORIENTED_EDGE('',*,*,#1429,.T.);
#626=ORIENTED_EDGE('',*,*,#1434,.T.);
#627=ORIENTED_EDGE('',*,*,#1427,.F.);
#628=ORIENTED_EDGE('',*,*,#1435,.F.);
#629=ORIENTED_EDGE('',*,*,#1432,.T.);
#630=ORIENTED_EDGE('',*,*,#1436,.F.);
#631=ORIENTED_EDGE('',*,*,#1437,.F.);
#632=ORIENTED_EDGE('',*,*,#1426,.T.);
#633=ORIENTED_EDGE('',*,*,#1430,.F.);
#634=ORIENTED_EDGE('',*,*,#1433,.T.);
#635=ORIENTED_EDGE('',*,*,#1435,.T.);
#636=ORIENTED_EDGE('',*,*,#1438,.T.);
#637=ORIENTED_EDGE('',*,*,#1439,.T.);
#638=ORIENTED_EDGE('',*,*,#1424,.F.);
#639=ORIENTED_EDGE('',*,*,#1434,.F.);
#640=ORIENTED_EDGE('',*,*,#1431,.F.);
#641=ORIENTED_EDGE('',*,*,#1428,.T.);
#642=ORIENTED_EDGE('',*,*,#1437,.T.);
#643=ORIENTED_EDGE('',*,*,#1439,.F.);
#644=ORIENTED_EDGE('',*,*,#1436,.T.);
#645=ORIENTED_EDGE('',*,*,#1440,.T.);
#646=ORIENTED_EDGE('',*,*,#1440,.F.);
#647=ORIENTED_EDGE('',*,*,#1441,.T.);
#648=ORIENTED_EDGE('',*,*,#1441,.F.);
#649=ORIENTED_EDGE('',*,*,#1442,.F.);
#650=ORIENTED_EDGE('',*,*,#1438,.F.);
#651=ORIENTED_EDGE('',*,*,#1443,.T.);
#652=ORIENTED_EDGE('',*,*,#1442,.T.);
#653=ORIENTED_EDGE('',*,*,#1443,.F.);
#654=ORIENTED_EDGE('',*,*,#1444,.T.);
#655=ORIENTED_EDGE('',*,*,#1445,.T.);
#656=ORIENTED_EDGE('',*,*,#1446,.F.);
#657=ORIENTED_EDGE('',*,*,#1447,.T.);
#658=ORIENTED_EDGE('',*,*,#1448,.F.);
#659=ORIENTED_EDGE('',*,*,#1449,.F.);
#660=ORIENTED_EDGE('',*,*,#1450,.F.);
#661=ORIENTED_EDGE('',*,*,#1451,.T.);
#662=ORIENTED_EDGE('',*,*,#1452,.T.);
#663=ORIENTED_EDGE('',*,*,#1453,.F.);
#664=ORIENTED_EDGE('',*,*,#1454,.F.);
#665=ORIENTED_EDGE('',*,*,#1446,.T.);
#666=ORIENTED_EDGE('',*,*,#1454,.T.);
#667=ORIENTED_EDGE('',*,*,#1455,.T.);
#668=ORIENTED_EDGE('',*,*,#1456,.F.);
#669=ORIENTED_EDGE('',*,*,#1447,.F.);
#670=ORIENTED_EDGE('',*,*,#1457,.T.);
#671=ORIENTED_EDGE('',*,*,#1458,.T.);
#672=ORIENTED_EDGE('',*,*,#1459,.F.);
#673=ORIENTED_EDGE('',*,*,#1460,.T.);
#674=ORIENTED_EDGE('',*,*,#1444,.F.);
#675=ORIENTED_EDGE('',*,*,#1456,.T.);
#676=ORIENTED_EDGE('',*,*,#1461,.T.);
#677=ORIENTED_EDGE('',*,*,#1462,.F.);
#678=ORIENTED_EDGE('',*,*,#1463,.T.);
#679=ORIENTED_EDGE('',*,*,#1464,.T.);
#680=ORIENTED_EDGE('',*,*,#1462,.T.);
#681=ORIENTED_EDGE('',*,*,#1465,.F.);
#682=ORIENTED_EDGE('',*,*,#1452,.F.);
#683=ORIENTED_EDGE('',*,*,#1466,.T.);
#684=ORIENTED_EDGE('',*,*,#1467,.T.);
#685=ORIENTED_EDGE('',*,*,#1468,.T.);
#686=ORIENTED_EDGE('',*,*,#1469,.F.);
#687=ORIENTED_EDGE('',*,*,#1459,.T.);
#688=ORIENTED_EDGE('',*,*,#1466,.F.);
#689=ORIENTED_EDGE('',*,*,#1451,.F.);
#690=ORIENTED_EDGE('',*,*,#1467,.F.);
#691=ORIENTED_EDGE('',*,*,#1463,.F.);
#692=ORIENTED_EDGE('',*,*,#1469,.T.);
#693=ORIENTED_EDGE('',*,*,#1450,.T.);
#694=ORIENTED_EDGE('',*,*,#1445,.F.);
#695=ORIENTED_EDGE('',*,*,#1460,.F.);
#696=ORIENTED_EDGE('',*,*,#1449,.T.);
#697=ORIENTED_EDGE('',*,*,#1458,.F.);
#698=ORIENTED_EDGE('',*,*,#1448,.T.);
#699=ORIENTED_EDGE('',*,*,#1457,.F.);
#700=ORIENTED_EDGE('',*,*,#1453,.T.);
#701=ORIENTED_EDGE('',*,*,#1465,.T.);
#702=ORIENTED_EDGE('',*,*,#1461,.F.);
#703=ORIENTED_EDGE('',*,*,#1455,.F.);
#704=ORIENTED_EDGE('',*,*,#1464,.F.);
#705=ORIENTED_EDGE('',*,*,#1468,.F.);
#706=ORIENTED_EDGE('',*,*,#1470,.T.);
#707=ORIENTED_EDGE('',*,*,#1471,.T.);
#708=ORIENTED_EDGE('',*,*,#1472,.T.);
#709=ORIENTED_EDGE('',*,*,#1473,.T.);
#710=ORIENTED_EDGE('',*,*,#1474,.T.);
#711=ORIENTED_EDGE('',*,*,#1475,.T.);
#712=ORIENTED_EDGE('',*,*,#1476,.T.);
#713=ORIENTED_EDGE('',*,*,#1477,.F.);
#714=ORIENTED_EDGE('',*,*,#1478,.T.);
#715=ORIENTED_EDGE('',*,*,#1479,.F.);
#716=ORIENTED_EDGE('',*,*,#1480,.T.);
#717=ORIENTED_EDGE('',*,*,#1481,.F.);
#718=ORIENTED_EDGE('',*,*,#1475,.F.);
#719=ORIENTED_EDGE('',*,*,#1482,.F.);
#720=ORIENTED_EDGE('',*,*,#1483,.T.);
#721=ORIENTED_EDGE('',*,*,#1484,.T.);
#722=ORIENTED_EDGE('',*,*,#1473,.F.);
#723=ORIENTED_EDGE('',*,*,#1485,.F.);
#724=ORIENTED_EDGE('',*,*,#1477,.T.);
#725=ORIENTED_EDGE('',*,*,#1486,.T.);
#726=ORIENTED_EDGE('',*,*,#1479,.T.);
#727=ORIENTED_EDGE('',*,*,#1487,.F.);
#728=ORIENTED_EDGE('',*,*,#1488,.F.);
#729=ORIENTED_EDGE('',*,*,#1482,.T.);
#730=ORIENTED_EDGE('',*,*,#1481,.T.);
#731=ORIENTED_EDGE('',*,*,#1489,.T.);
#732=ORIENTED_EDGE('',*,*,#1490,.T.);
#733=ORIENTED_EDGE('',*,*,#1491,.F.);
#734=ORIENTED_EDGE('',*,*,#1492,.F.);
#735=ORIENTED_EDGE('',*,*,#1487,.T.);
#736=ORIENTED_EDGE('',*,*,#1471,.F.);
#737=ORIENTED_EDGE('',*,*,#1484,.F.);
#738=ORIENTED_EDGE('',*,*,#1493,.T.);
#739=ORIENTED_EDGE('',*,*,#1491,.T.);
#740=ORIENTED_EDGE('',*,*,#1494,.F.);
#741=ORIENTED_EDGE('',*,*,#1495,.F.);
#742=ORIENTED_EDGE('',*,*,#1496,.F.);
#743=ORIENTED_EDGE('',*,*,#1497,.F.);
#744=ORIENTED_EDGE('',*,*,#1498,.F.);
#745=ORIENTED_EDGE('',*,*,#1499,.F.);
#746=ORIENTED_EDGE('',*,*,#1500,.F.);
#747=ORIENTED_EDGE('',*,*,#1501,.F.);
#748=ORIENTED_EDGE('',*,*,#1502,.F.);
#749=ORIENTED_EDGE('',*,*,#1503,.F.);
#750=ORIENTED_EDGE('',*,*,#1483,.F.);
#751=ORIENTED_EDGE('',*,*,#1488,.T.);
#752=ORIENTED_EDGE('',*,*,#1492,.T.);
#753=ORIENTED_EDGE('',*,*,#1493,.F.);
#754=ORIENTED_EDGE('',*,*,#1504,.T.);
#755=ORIENTED_EDGE('',*,*,#1490,.F.);
#756=ORIENTED_EDGE('',*,*,#1505,.T.);
#757=ORIENTED_EDGE('',*,*,#1494,.T.);
#758=ORIENTED_EDGE('',*,*,#1506,.T.);
#759=ORIENTED_EDGE('',*,*,#1485,.T.);
#760=ORIENTED_EDGE('',*,*,#1489,.F.);
#761=ORIENTED_EDGE('',*,*,#1507,.T.);
#762=ORIENTED_EDGE('',*,*,#1486,.F.);
#763=ORIENTED_EDGE('',*,*,#1508,.T.);
#764=ORIENTED_EDGE('',*,*,#1509,.T.);
#765=ORIENTED_EDGE('',*,*,#1472,.F.);
#766=ORIENTED_EDGE('',*,*,#1510,.F.);
#767=ORIENTED_EDGE('',*,*,#1505,.F.);
#768=ORIENTED_EDGE('',*,*,#1507,.F.);
#769=ORIENTED_EDGE('',*,*,#1480,.F.);
#770=ORIENTED_EDGE('',*,*,#1508,.F.);
#771=ORIENTED_EDGE('',*,*,#1476,.F.);
#772=ORIENTED_EDGE('',*,*,#1506,.F.);
#773=ORIENTED_EDGE('',*,*,#1511,.T.);
#774=ORIENTED_EDGE('',*,*,#1512,.T.);
#775=ORIENTED_EDGE('',*,*,#1513,.T.);
#776=ORIENTED_EDGE('',*,*,#1514,.T.);
#777=ORIENTED_EDGE('',*,*,#1515,.T.);
#778=ORIENTED_EDGE('',*,*,#1509,.F.);
#779=ORIENTED_EDGE('',*,*,#1510,.T.);
#780=ORIENTED_EDGE('',*,*,#1495,.T.);
#781=ORIENTED_EDGE('',*,*,#1516,.F.);
#782=ORIENTED_EDGE('',*,*,#1515,.F.);
#783=ORIENTED_EDGE('',*,*,#1516,.T.);
#784=ORIENTED_EDGE('',*,*,#1502,.T.);
#785=ORIENTED_EDGE('',*,*,#1504,.F.);
#786=ORIENTED_EDGE('',*,*,#1503,.T.);
#787=ORIENTED_EDGE('',*,*,#1470,.F.);
#788=ORIENTED_EDGE('',*,*,#1501,.T.);
#789=ORIENTED_EDGE('',*,*,#1478,.F.);
#790=ORIENTED_EDGE('',*,*,#1500,.T.);
#791=ORIENTED_EDGE('',*,*,#1474,.F.);
#792=ORIENTED_EDGE('',*,*,#1499,.T.);
#793=ORIENTED_EDGE('',*,*,#1514,.F.);
#794=ORIENTED_EDGE('',*,*,#1498,.T.);
#795=ORIENTED_EDGE('',*,*,#1513,.F.);
#796=ORIENTED_EDGE('',*,*,#1497,.T.);
#797=ORIENTED_EDGE('',*,*,#1512,.F.);
#798=ORIENTED_EDGE('',*,*,#1496,.T.);
#799=ORIENTED_EDGE('',*,*,#1511,.F.);
#800=ORIENTED_EDGE('',*,*,#1517,.F.);
#801=ORIENTED_EDGE('',*,*,#1518,.F.);
#802=ORIENTED_EDGE('',*,*,#1519,.F.);
#803=ORIENTED_EDGE('',*,*,#1520,.F.);
#804=ORIENTED_EDGE('',*,*,#1521,.F.);
#805=ORIENTED_EDGE('',*,*,#1522,.T.);
#806=ORIENTED_EDGE('',*,*,#1523,.T.);
#807=ORIENTED_EDGE('',*,*,#1524,.F.);
#808=ORIENTED_EDGE('',*,*,#1525,.T.);
#809=ORIENTED_EDGE('',*,*,#1526,.F.);
#810=ORIENTED_EDGE('',*,*,#1527,.F.);
#811=ORIENTED_EDGE('',*,*,#1528,.F.);
#812=ORIENTED_EDGE('',*,*,#1529,.T.);
#813=ORIENTED_EDGE('',*,*,#1530,.T.);
#814=ORIENTED_EDGE('',*,*,#1531,.T.);
#815=ORIENTED_EDGE('',*,*,#1532,.F.);
#816=ORIENTED_EDGE('',*,*,#1533,.T.);
#817=ORIENTED_EDGE('',*,*,#1534,.T.);
#818=ORIENTED_EDGE('',*,*,#1535,.T.);
#819=ORIENTED_EDGE('',*,*,#1536,.T.);
#820=ORIENTED_EDGE('',*,*,#1537,.T.);
#821=ORIENTED_EDGE('',*,*,#1532,.T.);
#822=ORIENTED_EDGE('',*,*,#1538,.T.);
#823=ORIENTED_EDGE('',*,*,#1539,.T.);
#824=ORIENTED_EDGE('',*,*,#1540,.T.);
#825=ORIENTED_EDGE('',*,*,#1541,.T.);
#826=ORIENTED_EDGE('',*,*,#1542,.T.);
#827=ORIENTED_EDGE('',*,*,#1543,.T.);
#828=ORIENTED_EDGE('',*,*,#1544,.T.);
#829=ORIENTED_EDGE('',*,*,#1545,.T.);
#830=ORIENTED_EDGE('',*,*,#1546,.F.);
#831=ORIENTED_EDGE('',*,*,#1547,.F.);
#832=ORIENTED_EDGE('',*,*,#1548,.T.);
#833=ORIENTED_EDGE('',*,*,#1549,.F.);
#834=ORIENTED_EDGE('',*,*,#1550,.F.);
#835=ORIENTED_EDGE('',*,*,#1523,.F.);
#836=ORIENTED_EDGE('',*,*,#1551,.F.);
#837=ORIENTED_EDGE('',*,*,#1552,.F.);
#838=ORIENTED_EDGE('',*,*,#1553,.F.);
#839=ORIENTED_EDGE('',*,*,#1554,.F.);
#840=ORIENTED_EDGE('',*,*,#1555,.F.);
#841=ORIENTED_EDGE('',*,*,#1556,.F.);
#842=ORIENTED_EDGE('',*,*,#1557,.F.);
#843=ORIENTED_EDGE('',*,*,#1558,.F.);
#844=ORIENTED_EDGE('',*,*,#1559,.F.);
#845=ORIENTED_EDGE('',*,*,#1560,.F.);
#846=ORIENTED_EDGE('',*,*,#1561,.F.);
#847=ORIENTED_EDGE('',*,*,#1521,.T.);
#848=ORIENTED_EDGE('',*,*,#1562,.T.);
#849=ORIENTED_EDGE('',*,*,#1563,.T.);
#850=ORIENTED_EDGE('',*,*,#1519,.T.);
#851=ORIENTED_EDGE('',*,*,#1564,.T.);
#852=ORIENTED_EDGE('',*,*,#1542,.F.);
#853=ORIENTED_EDGE('',*,*,#1565,.T.);
#854=ORIENTED_EDGE('',*,*,#1566,.F.);
#855=ORIENTED_EDGE('',*,*,#1567,.F.);
#856=ORIENTED_EDGE('',*,*,#1568,.T.);
#857=ORIENTED_EDGE('',*,*,#1569,.T.);
#858=ORIENTED_EDGE('',*,*,#1570,.F.);
#859=ORIENTED_EDGE('',*,*,#1571,.F.);
#860=ORIENTED_EDGE('',*,*,#1572,.F.);
#861=ORIENTED_EDGE('',*,*,#1573,.F.);
#862=ORIENTED_EDGE('',*,*,#1574,.T.);
#863=ORIENTED_EDGE('',*,*,#1575,.F.);
#864=ORIENTED_EDGE('',*,*,#1576,.F.);
#865=ORIENTED_EDGE('',*,*,#1577,.F.);
#866=ORIENTED_EDGE('',*,*,#1570,.T.);
#867=ORIENTED_EDGE('',*,*,#1578,.T.);
#868=ORIENTED_EDGE('',*,*,#1579,.T.);
#869=ORIENTED_EDGE('',*,*,#1580,.T.);
#870=ORIENTED_EDGE('',*,*,#1545,.F.);
#871=ORIENTED_EDGE('',*,*,#1581,.F.);
#872=ORIENTED_EDGE('',*,*,#1576,.T.);
#873=ORIENTED_EDGE('',*,*,#1548,.F.);
#874=ORIENTED_EDGE('',*,*,#1582,.F.);
#875=ORIENTED_EDGE('',*,*,#1583,.F.);
#876=ORIENTED_EDGE('',*,*,#1584,.F.);
#877=ORIENTED_EDGE('',*,*,#1522,.F.);
#878=ORIENTED_EDGE('',*,*,#1561,.T.);
#879=ORIENTED_EDGE('',*,*,#1577,.T.);
#880=ORIENTED_EDGE('',*,*,#1581,.T.);
#881=ORIENTED_EDGE('',*,*,#1585,.F.);
#882=ORIENTED_EDGE('',*,*,#1546,.T.);
#883=ORIENTED_EDGE('',*,*,#1580,.F.);
#884=ORIENTED_EDGE('',*,*,#1575,.T.);
#885=ORIENTED_EDGE('',*,*,#1586,.F.);
#886=ORIENTED_EDGE('',*,*,#1587,.T.);
#887=ORIENTED_EDGE('',*,*,#1588,.F.);
#888=ORIENTED_EDGE('',*,*,#1589,.F.);
#889=ORIENTED_EDGE('',*,*,#1590,.T.);
#890=ORIENTED_EDGE('',*,*,#1591,.F.);
#891=ORIENTED_EDGE('',*,*,#1592,.T.);
#892=ORIENTED_EDGE('',*,*,#1593,.F.);
#893=ORIENTED_EDGE('',*,*,#1539,.F.);
#894=ORIENTED_EDGE('',*,*,#1594,.F.);
#895=ORIENTED_EDGE('',*,*,#1595,.F.);
#896=ORIENTED_EDGE('',*,*,#1573,.T.);
#897=ORIENTED_EDGE('',*,*,#1596,.F.);
#898=ORIENTED_EDGE('',*,*,#1597,.F.);
#899=ORIENTED_EDGE('',*,*,#1598,.F.);
#900=ORIENTED_EDGE('',*,*,#1599,.F.);
#901=ORIENTED_EDGE('',*,*,#1567,.T.);
#902=ORIENTED_EDGE('',*,*,#1600,.T.);
#903=ORIENTED_EDGE('',*,*,#1601,.T.);
#904=ORIENTED_EDGE('',*,*,#1602,.T.);
#905=ORIENTED_EDGE('',*,*,#1568,.F.);
#906=ORIENTED_EDGE('',*,*,#1599,.T.);
#907=ORIENTED_EDGE('',*,*,#1566,.T.);
#908=ORIENTED_EDGE('',*,*,#1603,.T.);
#909=ORIENTED_EDGE('',*,*,#1604,.F.);
#910=ORIENTED_EDGE('',*,*,#1600,.F.);
#911=ORIENTED_EDGE('',*,*,#1605,.T.);
#912=ORIENTED_EDGE('',*,*,#1606,.F.);
#913=ORIENTED_EDGE('',*,*,#1596,.T.);
#914=ORIENTED_EDGE('',*,*,#1579,.F.);
#915=ORIENTED_EDGE('',*,*,#1607,.T.);
#916=ORIENTED_EDGE('',*,*,#1601,.F.);
#917=ORIENTED_EDGE('',*,*,#1598,.T.);
#918=ORIENTED_EDGE('',*,*,#1604,.T.);
#919=ORIENTED_EDGE('',*,*,#1608,.T.);
#920=ORIENTED_EDGE('',*,*,#1540,.F.);
#921=ORIENTED_EDGE('',*,*,#1593,.T.);
#922=ORIENTED_EDGE('',*,*,#1609,.F.);
#923=ORIENTED_EDGE('',*,*,#1610,.F.);
#924=ORIENTED_EDGE('',*,*,#1611,.T.);
#925=ORIENTED_EDGE('',*,*,#1612,.F.);
#926=ORIENTED_EDGE('',*,*,#1527,.T.);
#927=ORIENTED_EDGE('',*,*,#1613,.F.);
#928=ORIENTED_EDGE('',*,*,#1614,.T.);
#929=ORIENTED_EDGE('',*,*,#1615,.T.);
#930=ORIENTED_EDGE('',*,*,#1616,.T.);
#931=ORIENTED_EDGE('',*,*,#1617,.T.);
#932=ORIENTED_EDGE('',*,*,#1618,.T.);
#933=ORIENTED_EDGE('',*,*,#1619,.T.);
#934=ORIENTED_EDGE('',*,*,#1620,.T.);
#935=ORIENTED_EDGE('',*,*,#1621,.T.);
#936=ORIENTED_EDGE('',*,*,#1622,.T.);
#937=ORIENTED_EDGE('',*,*,#1623,.T.);
#938=ORIENTED_EDGE('',*,*,#1624,.T.);
#939=ORIENTED_EDGE('',*,*,#1625,.T.);
#940=ORIENTED_EDGE('',*,*,#1626,.T.);
#941=ORIENTED_EDGE('',*,*,#1565,.F.);
#942=ORIENTED_EDGE('',*,*,#1541,.F.);
#943=ORIENTED_EDGE('',*,*,#1608,.F.);
#944=ORIENTED_EDGE('',*,*,#1603,.F.);
#945=ORIENTED_EDGE('',*,*,#1569,.F.);
#946=ORIENTED_EDGE('',*,*,#1602,.F.);
#947=ORIENTED_EDGE('',*,*,#1607,.F.);
#948=ORIENTED_EDGE('',*,*,#1578,.F.);
#949=ORIENTED_EDGE('',*,*,#1572,.T.);
#950=ORIENTED_EDGE('',*,*,#1626,.F.);
#951=ORIENTED_EDGE('',*,*,#1571,.T.);
#952=ORIENTED_EDGE('',*,*,#1625,.F.);
#953=ORIENTED_EDGE('',*,*,#1627,.F.);
#954=ORIENTED_EDGE('',*,*,#1582,.T.);
#955=ORIENTED_EDGE('',*,*,#1547,.T.);
#956=ORIENTED_EDGE('',*,*,#1587,.F.);
#957=ORIENTED_EDGE('',*,*,#1590,.F.);
#958=ORIENTED_EDGE('',*,*,#1628,.T.);
#959=ORIENTED_EDGE('',*,*,#1629,.T.);
#960=ORIENTED_EDGE('',*,*,#1630,.F.);
#961=ORIENTED_EDGE('',*,*,#1631,.F.);
#962=ORIENTED_EDGE('',*,*,#1530,.F.);
#963=ORIENTED_EDGE('',*,*,#1632,.F.);
#964=ORIENTED_EDGE('',*,*,#1633,.T.);
#965=ORIENTED_EDGE('',*,*,#1632,.T.);
#966=ORIENTED_EDGE('',*,*,#1529,.F.);
#967=ORIENTED_EDGE('',*,*,#1634,.F.);
#968=ORIENTED_EDGE('',*,*,#1635,.T.);
#969=ORIENTED_EDGE('',*,*,#1636,.F.);
#970=ORIENTED_EDGE('',*,*,#1633,.F.);
#971=ORIENTED_EDGE('',*,*,#1635,.F.);
#972=ORIENTED_EDGE('',*,*,#1637,.F.);
#973=ORIENTED_EDGE('',*,*,#1543,.F.);
#974=ORIENTED_EDGE('',*,*,#1564,.F.);
#975=ORIENTED_EDGE('',*,*,#1518,.T.);
#976=ORIENTED_EDGE('',*,*,#1638,.T.);
#977=ORIENTED_EDGE('',*,*,#1639,.T.);
#978=ORIENTED_EDGE('',*,*,#1629,.F.);
#979=ORIENTED_EDGE('',*,*,#1533,.F.);
#980=ORIENTED_EDGE('',*,*,#1544,.F.);
#981=ORIENTED_EDGE('',*,*,#1637,.T.);
#982=ORIENTED_EDGE('',*,*,#1634,.T.);
#983=ORIENTED_EDGE('',*,*,#1631,.T.);
#984=ORIENTED_EDGE('',*,*,#1636,.T.);
#985=ORIENTED_EDGE('',*,*,#1628,.F.);
#986=ORIENTED_EDGE('',*,*,#1589,.T.);
#987=ORIENTED_EDGE('',*,*,#1538,.F.);
#988=ORIENTED_EDGE('',*,*,#1531,.F.);
#989=ORIENTED_EDGE('',*,*,#1595,.T.);
#990=ORIENTED_EDGE('',*,*,#1640,.F.);
#991=ORIENTED_EDGE('',*,*,#1583,.T.);
#992=ORIENTED_EDGE('',*,*,#1627,.T.);
#993=ORIENTED_EDGE('',*,*,#1586,.T.);
#994=ORIENTED_EDGE('',*,*,#1574,.F.);
#995=ORIENTED_EDGE('',*,*,#1641,.F.);
#996=ORIENTED_EDGE('',*,*,#1585,.T.);
#997=ORIENTED_EDGE('',*,*,#1536,.F.);
#998=ORIENTED_EDGE('',*,*,#1641,.T.);
#999=ORIENTED_EDGE('',*,*,#1642,.F.);
#1000=ORIENTED_EDGE('',*,*,#1528,.T.);
#1001=ORIENTED_EDGE('',*,*,#1534,.F.);
#1002=ORIENTED_EDGE('',*,*,#1642,.T.);
#1003=ORIENTED_EDGE('',*,*,#1560,.T.);
#1004=ORIENTED_EDGE('',*,*,#1624,.F.);
#1005=ORIENTED_EDGE('',*,*,#1559,.T.);
#1006=ORIENTED_EDGE('',*,*,#1623,.F.);
#1007=ORIENTED_EDGE('',*,*,#1558,.T.);
#1008=ORIENTED_EDGE('',*,*,#1622,.F.);
#1009=ORIENTED_EDGE('',*,*,#1557,.T.);
#1010=ORIENTED_EDGE('',*,*,#1621,.F.);
#1011=ORIENTED_EDGE('',*,*,#1556,.T.);
#1012=ORIENTED_EDGE('',*,*,#1620,.F.);
#1013=ORIENTED_EDGE('',*,*,#1555,.T.);
#1014=ORIENTED_EDGE('',*,*,#1619,.F.);
#1015=ORIENTED_EDGE('',*,*,#1554,.T.);
#1016=ORIENTED_EDGE('',*,*,#1618,.F.);
#1017=ORIENTED_EDGE('',*,*,#1553,.T.);
#1018=ORIENTED_EDGE('',*,*,#1617,.F.);
#1019=ORIENTED_EDGE('',*,*,#1552,.T.);
#1020=ORIENTED_EDGE('',*,*,#1616,.F.);
#1021=ORIENTED_EDGE('',*,*,#1551,.T.);
#1022=ORIENTED_EDGE('',*,*,#1615,.F.);
#1023=ORIENTED_EDGE('',*,*,#1630,.T.);
#1024=ORIENTED_EDGE('',*,*,#1639,.F.);
#1025=ORIENTED_EDGE('',*,*,#1643,.F.);
#1026=ORIENTED_EDGE('',*,*,#1591,.T.);
#1027=ORIENTED_EDGE('',*,*,#1644,.F.);
#1028=ORIENTED_EDGE('',*,*,#1645,.F.);
#1029=ORIENTED_EDGE('',*,*,#1563,.F.);
#1030=ORIENTED_EDGE('',*,*,#1646,.F.);
#1031=ORIENTED_EDGE('',*,*,#1562,.F.);
#1032=ORIENTED_EDGE('',*,*,#1647,.F.);
#1033=ORIENTED_EDGE('',*,*,#1584,.T.);
#1034=ORIENTED_EDGE('',*,*,#1640,.T.);
#1035=ORIENTED_EDGE('',*,*,#1597,.T.);
#1036=ORIENTED_EDGE('',*,*,#1606,.T.);
#1037=ORIENTED_EDGE('',*,*,#1648,.F.);
#1038=ORIENTED_EDGE('',*,*,#1609,.T.);
#1039=ORIENTED_EDGE('',*,*,#1592,.F.);
#1040=ORIENTED_EDGE('',*,*,#1643,.T.);
#1041=ORIENTED_EDGE('',*,*,#1638,.F.);
#1042=ORIENTED_EDGE('',*,*,#1649,.F.);
#1043=ORIENTED_EDGE('',*,*,#1650,.F.);
#1044=ORIENTED_EDGE('',*,*,#1594,.T.);
#1045=ORIENTED_EDGE('',*,*,#1537,.F.);
#1046=ORIENTED_EDGE('',*,*,#1650,.T.);
#1047=ORIENTED_EDGE('',*,*,#1651,.F.);
#1048=ORIENTED_EDGE('',*,*,#1588,.T.);
#1049=ORIENTED_EDGE('',*,*,#1535,.F.);
#1050=ORIENTED_EDGE('',*,*,#1651,.T.);
#1051=ORIENTED_EDGE('',*,*,#1550,.T.);
#1052=ORIENTED_EDGE('',*,*,#1614,.F.);
#1053=ORIENTED_EDGE('',*,*,#1549,.T.);
#1054=ORIENTED_EDGE('',*,*,#1611,.F.);
#1055=ORIENTED_EDGE('',*,*,#1652,.F.);
#1056=ORIENTED_EDGE('',*,*,#1610,.T.);
#1057=ORIENTED_EDGE('',*,*,#1648,.T.);
#1058=ORIENTED_EDGE('',*,*,#1605,.F.);
#1059=ORIENTED_EDGE('',*,*,#1653,.F.);
#1060=ORIENTED_EDGE('',*,*,#1525,.F.);
#1061=ORIENTED_EDGE('',*,*,#1524,.T.);
#1062=ORIENTED_EDGE('',*,*,#1612,.T.);
#1063=ORIENTED_EDGE('',*,*,#1652,.T.);
#1064=ORIENTED_EDGE('',*,*,#1526,.T.);
#1065=ORIENTED_EDGE('',*,*,#1653,.T.);
#1066=ORIENTED_EDGE('',*,*,#1613,.T.);
#1067=ORIENTED_EDGE('',*,*,#1654,.F.);
#1068=ORIENTED_EDGE('',*,*,#1520,.T.);
#1069=ORIENTED_EDGE('',*,*,#1647,.T.);
#1070=ORIENTED_EDGE('',*,*,#1654,.T.);
#1071=ORIENTED_EDGE('',*,*,#1655,.F.);
#1072=ORIENTED_EDGE('',*,*,#1517,.T.);
#1073=ORIENTED_EDGE('',*,*,#1649,.T.);
#1074=ORIENTED_EDGE('',*,*,#1655,.T.);
#1075=ORIENTED_EDGE('',*,*,#1656,.F.);
#1076=ORIENTED_EDGE('',*,*,#1645,.T.);
#1077=ORIENTED_EDGE('',*,*,#1656,.T.);
#1078=ORIENTED_EDGE('',*,*,#1657,.F.);
#1079=ORIENTED_EDGE('',*,*,#1644,.T.);
#1080=ORIENTED_EDGE('',*,*,#1657,.T.);
#1081=ORIENTED_EDGE('',*,*,#1658,.F.);
#1082=ORIENTED_EDGE('',*,*,#1646,.T.);
#1083=ORIENTED_EDGE('',*,*,#1658,.T.);
#1084=ORIENTED_EDGE('',*,*,#1659,.F.);
#1085=ORIENTED_EDGE('',*,*,#1660,.T.);
#1086=ORIENTED_EDGE('',*,*,#1661,.F.);
#1087=ORIENTED_EDGE('',*,*,#1662,.F.);
#1088=ORIENTED_EDGE('',*,*,#1663,.F.);
#1089=ORIENTED_EDGE('',*,*,#1664,.F.);
#1090=ORIENTED_EDGE('',*,*,#1665,.F.);
#1091=ORIENTED_EDGE('',*,*,#1659,.T.);
#1092=ORIENTED_EDGE('',*,*,#1666,.T.);
#1093=ORIENTED_EDGE('',*,*,#1667,.T.);
#1094=ORIENTED_EDGE('',*,*,#1668,.T.);
#1095=ORIENTED_EDGE('',*,*,#1669,.T.);
#1096=ORIENTED_EDGE('',*,*,#1670,.T.);
#1097=ORIENTED_EDGE('',*,*,#1660,.F.);
#1098=ORIENTED_EDGE('',*,*,#1665,.T.);
#1099=ORIENTED_EDGE('',*,*,#1670,.F.);
#1100=ORIENTED_EDGE('',*,*,#1664,.T.);
#1101=ORIENTED_EDGE('',*,*,#1669,.F.);
#1102=ORIENTED_EDGE('',*,*,#1663,.T.);
#1103=ORIENTED_EDGE('',*,*,#1668,.F.);
#1104=ORIENTED_EDGE('',*,*,#1662,.T.);
#1105=ORIENTED_EDGE('',*,*,#1667,.F.);
#1106=ORIENTED_EDGE('',*,*,#1661,.T.);
#1107=ORIENTED_EDGE('',*,*,#1666,.F.);
#1108=ORIENTED_EDGE('',*,*,#1671,.F.);
#1109=ORIENTED_EDGE('',*,*,#1672,.F.);
#1110=ORIENTED_EDGE('',*,*,#1673,.T.);
#1111=ORIENTED_EDGE('',*,*,#1674,.T.);
#1112=ORIENTED_EDGE('',*,*,#1675,.F.);
#1113=ORIENTED_EDGE('',*,*,#1676,.F.);
#1114=ORIENTED_EDGE('',*,*,#1677,.T.);
#1115=ORIENTED_EDGE('',*,*,#1672,.T.);
#1116=ORIENTED_EDGE('',*,*,#1678,.T.);
#1117=ORIENTED_EDGE('',*,*,#1679,.F.);
#1118=ORIENTED_EDGE('',*,*,#1680,.F.);
#1119=ORIENTED_EDGE('',*,*,#1676,.T.);
#1120=ORIENTED_EDGE('',*,*,#1681,.F.);
#1121=ORIENTED_EDGE('',*,*,#1682,.F.);
#1122=ORIENTED_EDGE('',*,*,#1683,.T.);
#1123=ORIENTED_EDGE('',*,*,#1679,.T.);
#1124=ORIENTED_EDGE('',*,*,#1684,.F.);
#1125=ORIENTED_EDGE('',*,*,#1685,.T.);
#1126=ORIENTED_EDGE('',*,*,#1686,.F.);
#1127=ORIENTED_EDGE('',*,*,#1682,.T.);
#1128=ORIENTED_EDGE('',*,*,#1687,.T.);
#1129=ORIENTED_EDGE('',*,*,#1688,.F.);
#1130=ORIENTED_EDGE('',*,*,#1689,.F.);
#1131=ORIENTED_EDGE('',*,*,#1690,.F.);
#1132=ORIENTED_EDGE('',*,*,#1691,.T.);
#1133=ORIENTED_EDGE('',*,*,#1692,.F.);
#1134=ORIENTED_EDGE('',*,*,#1693,.F.);
#1135=ORIENTED_EDGE('',*,*,#1688,.T.);
#1136=ORIENTED_EDGE('',*,*,#1694,.F.);
#1137=ORIENTED_EDGE('',*,*,#1674,.F.);
#1138=ORIENTED_EDGE('',*,*,#1695,.T.);
#1139=ORIENTED_EDGE('',*,*,#1692,.T.);
#1140=ORIENTED_EDGE('',*,*,#1696,.F.);
#1141=ORIENTED_EDGE('',*,*,#1689,.T.);
#1142=ORIENTED_EDGE('',*,*,#1693,.T.);
#1143=ORIENTED_EDGE('',*,*,#1695,.F.);
#1144=ORIENTED_EDGE('',*,*,#1673,.F.);
#1145=ORIENTED_EDGE('',*,*,#1677,.F.);
#1146=ORIENTED_EDGE('',*,*,#1680,.T.);
#1147=ORIENTED_EDGE('',*,*,#1683,.F.);
#1148=ORIENTED_EDGE('',*,*,#1686,.T.);
#1149=ORIENTED_EDGE('',*,*,#1697,.F.);
#1150=ORIENTED_EDGE('',*,*,#1698,.F.);
#1151=ORIENTED_EDGE('',*,*,#1699,.F.);
#1152=ORIENTED_EDGE('',*,*,#1700,.T.);
#1153=ORIENTED_EDGE('',*,*,#1701,.T.);
#1154=ORIENTED_EDGE('',*,*,#1671,.T.);
#1155=ORIENTED_EDGE('',*,*,#1694,.T.);
#1156=ORIENTED_EDGE('',*,*,#1691,.F.);
#1157=ORIENTED_EDGE('',*,*,#1687,.F.);
#1158=ORIENTED_EDGE('',*,*,#1681,.T.);
#1159=ORIENTED_EDGE('',*,*,#1678,.F.);
#1160=ORIENTED_EDGE('',*,*,#1675,.T.);
#1161=ORIENTED_EDGE('',*,*,#1699,.T.);
#1162=ORIENTED_EDGE('',*,*,#1701,.F.);
#1163=ORIENTED_EDGE('',*,*,#1696,.T.);
#1164=ORIENTED_EDGE('',*,*,#1702,.F.);
#1165=ORIENTED_EDGE('',*,*,#1703,.F.);
#1166=ORIENTED_EDGE('',*,*,#1690,.T.);
#1167=ORIENTED_EDGE('',*,*,#1698,.T.);
#1168=ORIENTED_EDGE('',*,*,#1704,.F.);
#1169=ORIENTED_EDGE('',*,*,#1705,.F.);
#1170=ORIENTED_EDGE('',*,*,#1702,.T.);
#1171=ORIENTED_EDGE('',*,*,#1697,.T.);
#1172=ORIENTED_EDGE('',*,*,#1685,.F.);
#1173=ORIENTED_EDGE('',*,*,#1706,.F.);
#1174=ORIENTED_EDGE('',*,*,#1704,.T.);
#1175=ORIENTED_EDGE('',*,*,#1707,.F.);
#1176=ORIENTED_EDGE('',*,*,#1684,.T.);
#1177=ORIENTED_EDGE('',*,*,#1703,.T.);
#1178=ORIENTED_EDGE('',*,*,#1705,.T.);
#1179=ORIENTED_EDGE('',*,*,#1706,.T.);
#1180=ORIENTED_EDGE('',*,*,#1707,.T.);
#1181=ORIENTED_EDGE('',*,*,#1700,.F.);
#1182=ORIENTED_EDGE('',*,*,#1708,.F.);
#1183=ORIENTED_EDGE('',*,*,#1709,.F.);
#1184=ORIENTED_EDGE('',*,*,#1710,.T.);
#1185=ORIENTED_EDGE('',*,*,#1711,.T.);
#1186=ORIENTED_EDGE('',*,*,#1712,.T.);
#1187=ORIENTED_EDGE('',*,*,#1713,.F.);
#1188=ORIENTED_EDGE('',*,*,#1714,.T.);
#1189=ORIENTED_EDGE('',*,*,#1715,.F.);
#1190=ORIENTED_EDGE('',*,*,#1716,.T.);
#1191=ORIENTED_EDGE('',*,*,#1717,.T.);
#1192=ORIENTED_EDGE('',*,*,#1718,.T.);
#1193=ORIENTED_EDGE('',*,*,#1719,.F.);
#1194=ORIENTED_EDGE('',*,*,#1720,.T.);
#1195=ORIENTED_EDGE('',*,*,#1721,.F.);
#1196=ORIENTED_EDGE('',*,*,#1717,.F.);
#1197=ORIENTED_EDGE('',*,*,#1722,.T.);
#1198=ORIENTED_EDGE('',*,*,#1723,.T.);
#1199=ORIENTED_EDGE('',*,*,#1722,.F.);
#1200=ORIENTED_EDGE('',*,*,#1716,.F.);
#1201=ORIENTED_EDGE('',*,*,#1724,.T.);
#1202=ORIENTED_EDGE('',*,*,#1725,.F.);
#1203=ORIENTED_EDGE('',*,*,#1724,.F.);
#1204=ORIENTED_EDGE('',*,*,#1715,.T.);
#1205=ORIENTED_EDGE('',*,*,#1726,.T.);
#1206=ORIENTED_EDGE('',*,*,#1727,.T.);
#1207=ORIENTED_EDGE('',*,*,#1726,.F.);
#1208=ORIENTED_EDGE('',*,*,#1714,.F.);
#1209=ORIENTED_EDGE('',*,*,#1728,.T.);
#1210=ORIENTED_EDGE('',*,*,#1729,.T.);
#1211=ORIENTED_EDGE('',*,*,#1730,.T.);
#1212=ORIENTED_EDGE('',*,*,#1709,.T.);
#1213=ORIENTED_EDGE('',*,*,#1731,.T.);
#1214=ORIENTED_EDGE('',*,*,#1732,.F.);
#1215=ORIENTED_EDGE('',*,*,#1728,.F.);
#1216=ORIENTED_EDGE('',*,*,#1713,.T.);
#1217=ORIENTED_EDGE('',*,*,#1733,.F.);
#1218=ORIENTED_EDGE('',*,*,#1734,.F.);
#1219=ORIENTED_EDGE('',*,*,#1731,.F.);
#1220=ORIENTED_EDGE('',*,*,#1719,.T.);
#1221=ORIENTED_EDGE('',*,*,#1735,.T.);
#1222=ORIENTED_EDGE('',*,*,#1736,.T.);
#1223=ORIENTED_EDGE('',*,*,#1735,.F.);
#1224=ORIENTED_EDGE('',*,*,#1718,.F.);
#1225=ORIENTED_EDGE('',*,*,#1721,.T.);
#1226=ORIENTED_EDGE('',*,*,#1737,.T.);
#1227=ORIENTED_EDGE('',*,*,#1738,.T.);
#1228=ORIENTED_EDGE('',*,*,#1720,.F.);
#1229=ORIENTED_EDGE('',*,*,#1723,.F.);
#1230=ORIENTED_EDGE('',*,*,#1725,.T.);
#1231=ORIENTED_EDGE('',*,*,#1727,.F.);
#1232=ORIENTED_EDGE('',*,*,#1732,.T.);
#1233=ORIENTED_EDGE('',*,*,#1734,.T.);
#1234=ORIENTED_EDGE('',*,*,#1736,.F.);
#1235=ORIENTED_EDGE('',*,*,#1708,.T.);
#1236=ORIENTED_EDGE('',*,*,#1738,.F.);
#1237=ORIENTED_EDGE('',*,*,#1710,.F.);
#1238=ORIENTED_EDGE('',*,*,#1730,.F.);
#1239=ORIENTED_EDGE('',*,*,#1739,.T.);
#1240=ORIENTED_EDGE('',*,*,#1740,.T.);
#1241=ORIENTED_EDGE('',*,*,#1712,.F.);
#1242=ORIENTED_EDGE('',*,*,#1741,.F.);
#1243=ORIENTED_EDGE('',*,*,#1742,.T.);
#1244=ORIENTED_EDGE('',*,*,#1733,.T.);
#1245=ORIENTED_EDGE('',*,*,#1711,.F.);
#1246=ORIENTED_EDGE('',*,*,#1740,.F.);
#1247=ORIENTED_EDGE('',*,*,#1743,.T.);
#1248=ORIENTED_EDGE('',*,*,#1741,.T.);
#1249=ORIENTED_EDGE('',*,*,#1744,.F.);
#1250=ORIENTED_EDGE('',*,*,#1739,.F.);
#1251=ORIENTED_EDGE('',*,*,#1729,.F.);
#1252=ORIENTED_EDGE('',*,*,#1742,.F.);
#1253=ORIENTED_EDGE('',*,*,#1743,.F.);
#1254=ORIENTED_EDGE('',*,*,#1744,.T.);
#1255=ORIENTED_EDGE('',*,*,#1737,.F.);
#1256=ORIENTED_EDGE('',*,*,#1745,.F.);
#1257=ORIENTED_EDGE('',*,*,#1746,.F.);
#1258=ORIENTED_EDGE('',*,*,#1747,.F.);
#1259=ORIENTED_EDGE('',*,*,#1748,.T.);
#1260=ORIENTED_EDGE('',*,*,#1749,.T.);
#1261=ORIENTED_EDGE('',*,*,#1750,.T.);
#1262=ORIENTED_EDGE('',*,*,#1749,.F.);
#1263=ORIENTED_EDGE('',*,*,#1751,.T.);
#1264=ORIENTED_EDGE('',*,*,#1752,.T.);
#1265=ORIENTED_EDGE('',*,*,#1753,.F.);
#1266=ORIENTED_EDGE('',*,*,#1754,.T.);
#1267=ORIENTED_EDGE('',*,*,#1755,.T.);
#1268=ORIENTED_EDGE('',*,*,#1756,.T.);
#1269=ORIENTED_EDGE('',*,*,#1757,.F.);
#1270=ORIENTED_EDGE('',*,*,#1745,.T.);
#1271=ORIENTED_EDGE('',*,*,#1758,.F.);
#1272=ORIENTED_EDGE('',*,*,#1759,.F.);
#1273=ORIENTED_EDGE('',*,*,#1747,.T.);
#1274=ORIENTED_EDGE('',*,*,#1760,.F.);
#1275=ORIENTED_EDGE('',*,*,#1750,.F.);
#1276=ORIENTED_EDGE('',*,*,#1757,.T.);
#1277=ORIENTED_EDGE('',*,*,#1761,.F.);
#1278=ORIENTED_EDGE('',*,*,#1762,.T.);
#1279=ORIENTED_EDGE('',*,*,#1763,.T.);
#1280=ORIENTED_EDGE('',*,*,#1760,.T.);
#1281=ORIENTED_EDGE('',*,*,#1746,.T.);
#1282=ORIENTED_EDGE('',*,*,#1759,.T.);
#1283=ORIENTED_EDGE('',*,*,#1764,.T.);
#1284=ORIENTED_EDGE('',*,*,#1765,.T.);
#1285=ORIENTED_EDGE('',*,*,#1766,.F.);
#1286=ORIENTED_EDGE('',*,*,#1751,.F.);
#1287=ORIENTED_EDGE('',*,*,#1748,.F.);
#1288=ORIENTED_EDGE('',*,*,#1765,.F.);
#1289=ORIENTED_EDGE('',*,*,#1767,.T.);
#1290=ORIENTED_EDGE('',*,*,#1762,.F.);
#1291=ORIENTED_EDGE('',*,*,#1768,.F.);
#1292=ORIENTED_EDGE('',*,*,#1764,.F.);
#1293=ORIENTED_EDGE('',*,*,#1758,.T.);
#1294=ORIENTED_EDGE('',*,*,#1763,.F.);
#1295=ORIENTED_EDGE('',*,*,#1767,.F.);
#1296=ORIENTED_EDGE('',*,*,#1769,.F.);
#1297=ORIENTED_EDGE('',*,*,#1754,.F.);
#1298=ORIENTED_EDGE('',*,*,#1770,.T.);
#1299=ORIENTED_EDGE('',*,*,#1771,.F.);
#1300=ORIENTED_EDGE('',*,*,#1772,.T.);
#1301=ORIENTED_EDGE('',*,*,#1773,.F.);
#1302=ORIENTED_EDGE('',*,*,#1774,.F.);
#1303=ORIENTED_EDGE('',*,*,#1771,.T.);
#1304=ORIENTED_EDGE('',*,*,#1768,.T.);
#1305=ORIENTED_EDGE('',*,*,#1761,.T.);
#1306=ORIENTED_EDGE('',*,*,#1756,.F.);
#1307=ORIENTED_EDGE('',*,*,#1775,.T.);
#1308=ORIENTED_EDGE('',*,*,#1773,.T.);
#1309=ORIENTED_EDGE('',*,*,#1776,.F.);
#1310=ORIENTED_EDGE('',*,*,#1752,.F.);
#1311=ORIENTED_EDGE('',*,*,#1766,.T.);
#1312=ORIENTED_EDGE('',*,*,#1774,.T.);
#1313=ORIENTED_EDGE('',*,*,#1775,.F.);
#1314=ORIENTED_EDGE('',*,*,#1755,.F.);
#1315=ORIENTED_EDGE('',*,*,#1769,.T.);
#1316=ORIENTED_EDGE('',*,*,#1772,.F.);
#1317=ORIENTED_EDGE('',*,*,#1770,.F.);
#1318=ORIENTED_EDGE('',*,*,#1753,.T.);
#1319=ORIENTED_EDGE('',*,*,#1776,.T.);
#1320=ORIENTED_EDGE('',*,*,#1777,.F.);
#1321=ORIENTED_EDGE('',*,*,#1778,.F.);
#1322=ORIENTED_EDGE('',*,*,#1779,.T.);
#1323=ORIENTED_EDGE('',*,*,#1780,.T.);
#1324=ORIENTED_EDGE('',*,*,#1781,.T.);
#1325=ORIENTED_EDGE('',*,*,#1780,.F.);
#1326=ORIENTED_EDGE('',*,*,#1782,.F.);
#1327=ORIENTED_EDGE('',*,*,#1783,.T.);
#1328=ORIENTED_EDGE('',*,*,#1784,.F.);
#1329=ORIENTED_EDGE('',*,*,#1783,.F.);
#1330=ORIENTED_EDGE('',*,*,#1785,.T.);
#1331=ORIENTED_EDGE('',*,*,#1786,.T.);
#1332=ORIENTED_EDGE('',*,*,#1787,.F.);
#1333=ORIENTED_EDGE('',*,*,#1786,.F.);
#1334=ORIENTED_EDGE('',*,*,#1788,.T.);
#1335=ORIENTED_EDGE('',*,*,#1778,.T.);
#1336=ORIENTED_EDGE('',*,*,#1789,.F.);
#1337=ORIENTED_EDGE('',*,*,#1790,.F.);
#1338=ORIENTED_EDGE('',*,*,#1779,.F.);
#1339=ORIENTED_EDGE('',*,*,#1788,.F.);
#1340=ORIENTED_EDGE('',*,*,#1785,.F.);
#1341=ORIENTED_EDGE('',*,*,#1782,.T.);
#1342=ORIENTED_EDGE('',*,*,#1791,.T.);
#1343=ORIENTED_EDGE('',*,*,#1792,.T.);
#1344=ORIENTED_EDGE('',*,*,#1777,.T.);
#1345=ORIENTED_EDGE('',*,*,#1781,.F.);
#1346=ORIENTED_EDGE('',*,*,#1784,.T.);
#1347=ORIENTED_EDGE('',*,*,#1787,.T.);
#1348=ORIENTED_EDGE('',*,*,#1790,.T.);
#1349=ORIENTED_EDGE('',*,*,#1792,.F.);
#1350=ORIENTED_EDGE('',*,*,#1789,.T.);
#1351=ORIENTED_EDGE('',*,*,#1793,.T.);
#1352=ORIENTED_EDGE('',*,*,#1793,.F.);
#1353=ORIENTED_EDGE('',*,*,#1794,.T.);
#1354=ORIENTED_EDGE('',*,*,#1794,.F.);
#1355=ORIENTED_EDGE('',*,*,#1795,.F.);
#1356=ORIENTED_EDGE('',*,*,#1795,.T.);
#1357=ORIENTED_EDGE('',*,*,#1796,.F.);
#1358=ORIENTED_EDGE('',*,*,#1791,.F.);
#1359=ORIENTED_EDGE('',*,*,#1796,.T.);
#1360=ORIENTED_EDGE('',*,*,#1797,.T.);
#1361=ORIENTED_EDGE('',*,*,#1798,.T.);
#1362=ORIENTED_EDGE('',*,*,#1799,.F.);
#1363=ORIENTED_EDGE('',*,*,#1800,.T.);
#1364=ORIENTED_EDGE('',*,*,#1801,.T.);
#1365=ORIENTED_EDGE('',*,*,#1802,.F.);
#1366=ORIENTED_EDGE('',*,*,#1803,.F.);
#1367=ORIENTED_EDGE('',*,*,#1804,.T.);
#1368=ORIENTED_EDGE('',*,*,#1800,.F.);
#1369=ORIENTED_EDGE('',*,*,#1805,.T.);
#1370=ORIENTED_EDGE('',*,*,#1801,.F.);
#1371=ORIENTED_EDGE('',*,*,#1802,.T.);
#1372=ORIENTED_EDGE('',*,*,#1806,.T.);
#1373=ORIENTED_EDGE('',*,*,#1807,.F.);
#1374=ORIENTED_EDGE('',*,*,#1808,.T.);
#1375=ORIENTED_EDGE('',*,*,#1809,.F.);
#1376=ORIENTED_EDGE('',*,*,#1810,.F.);
#1377=ORIENTED_EDGE('',*,*,#1811,.F.);
#1378=ORIENTED_EDGE('',*,*,#1812,.F.);
#1379=ORIENTED_EDGE('',*,*,#1798,.F.);
#1380=ORIENTED_EDGE('',*,*,#1804,.F.);
#1381=ORIENTED_EDGE('',*,*,#1813,.T.);
#1382=ORIENTED_EDGE('',*,*,#1814,.F.);
#1383=ORIENTED_EDGE('',*,*,#1815,.F.);
#1384=ORIENTED_EDGE('',*,*,#1806,.F.);
#1385=ORIENTED_EDGE('',*,*,#1797,.F.);
#1386=ORIENTED_EDGE('',*,*,#1812,.T.);
#1387=ORIENTED_EDGE('',*,*,#1816,.F.);
#1388=ORIENTED_EDGE('',*,*,#1817,.F.);
#1389=ORIENTED_EDGE('',*,*,#1818,.T.);
#1390=ORIENTED_EDGE('',*,*,#1805,.F.);
#1391=ORIENTED_EDGE('',*,*,#1799,.T.);
#1392=ORIENTED_EDGE('',*,*,#1814,.T.);
#1393=ORIENTED_EDGE('',*,*,#1819,.T.);
#1394=ORIENTED_EDGE('',*,*,#1817,.T.);
#1395=ORIENTED_EDGE('',*,*,#1820,.F.);
#1396=ORIENTED_EDGE('',*,*,#1813,.F.);
#1397=ORIENTED_EDGE('',*,*,#1803,.T.);
#1398=ORIENTED_EDGE('',*,*,#1818,.F.);
#1399=ORIENTED_EDGE('',*,*,#1819,.F.);
#1400=ORIENTED_EDGE('',*,*,#1821,.F.);
#1401=ORIENTED_EDGE('',*,*,#1822,.F.);
#1402=ORIENTED_EDGE('',*,*,#1823,.T.);
#1403=ORIENTED_EDGE('',*,*,#1824,.T.);
#1404=ORIENTED_EDGE('',*,*,#1822,.T.);
#1405=ORIENTED_EDGE('',*,*,#1825,.T.);
#1406=ORIENTED_EDGE('',*,*,#1809,.T.);
#1407=ORIENTED_EDGE('',*,*,#1826,.F.);
#1408=ORIENTED_EDGE('',*,*,#1820,.T.);
#1409=ORIENTED_EDGE('',*,*,#1816,.T.);
#1410=ORIENTED_EDGE('',*,*,#1811,.T.);
#1411=ORIENTED_EDGE('',*,*,#1827,.F.);
#1412=ORIENTED_EDGE('',*,*,#1824,.F.);
#1413=ORIENTED_EDGE('',*,*,#1828,.T.);
#1414=ORIENTED_EDGE('',*,*,#1807,.T.);
#1415=ORIENTED_EDGE('',*,*,#1815,.T.);
#1416=ORIENTED_EDGE('',*,*,#1826,.T.);
#1417=ORIENTED_EDGE('',*,*,#1808,.F.);
#1418=ORIENTED_EDGE('',*,*,#1828,.F.);
#1419=ORIENTED_EDGE('',*,*,#1823,.F.);
#1420=ORIENTED_EDGE('',*,*,#1827,.T.);
#1421=ORIENTED_EDGE('',*,*,#1810,.T.);
#1422=ORIENTED_EDGE('',*,*,#1825,.F.);
#1423=ORIENTED_EDGE('',*,*,#1821,.T.);
#1424=EDGE_CURVE('',#1829,#1830,#2131,.T.);
#1425=EDGE_CURVE('',#1831,#1830,#146,.T.);
#1426=EDGE_CURVE('',#1832,#1831,#2132,.T.);
#1427=EDGE_CURVE('',#1832,#1829,#147,.T.);
#1428=EDGE_CURVE('',#1833,#1830,#148,.T.);
#1429=EDGE_CURVE('',#1834,#1833,#149,.T.);
#1430=EDGE_CURVE('',#1834,#1831,#150,.T.);
#1431=EDGE_CURVE('',#1833,#1835,#2133,.T.);
#1432=EDGE_CURVE('',#1836,#1835,#151,.T.);
#1433=EDGE_CURVE('',#1834,#1836,#2134,.T.);
#1434=EDGE_CURVE('',#1835,#1829,#152,.T.);
#1435=EDGE_CURVE('',#1836,#1832,#153,.T.);
#1436=EDGE_CURVE('',#1837,#1837,#2135,.T.);
#1437=EDGE_CURVE('',#1838,#1838,#2136,.T.);
#1438=EDGE_CURVE('',#1839,#1839,#2137,.T.);
#1439=EDGE_CURVE('',#1840,#1840,#2138,.T.);
#1440=EDGE_CURVE('',#1841,#1841,#2139,.T.);
#1441=EDGE_CURVE('',#1842,#1842,#2140,.T.);
#1442=EDGE_CURVE('',#1843,#1843,#2141,.T.);
#1443=EDGE_CURVE('',#1844,#1844,#2142,.T.);
#1444=EDGE_CURVE('',#1845,#1846,#154,.T.);
#1445=EDGE_CURVE('',#1846,#1847,#155,.T.);
#1446=EDGE_CURVE('',#1848,#1847,#156,.T.);
#1447=EDGE_CURVE('',#1848,#1845,#157,.T.);
#1448=EDGE_CURVE('',#1849,#1849,#2143,.T.);
#1449=EDGE_CURVE('',#1850,#1850,#2144,.T.);
#1450=EDGE_CURVE('',#1851,#1847,#2145,.T.);
#1451=EDGE_CURVE('',#1851,#1852,#158,.T.);
#1452=EDGE_CURVE('',#1852,#1853,#159,.T.);
#1453=EDGE_CURVE('',#1854,#1853,#160,.T.);
#1454=EDGE_CURVE('',#1848,#1854,#161,.T.);
#1455=EDGE_CURVE('',#1854,#1855,#162,.T.);
#1456=EDGE_CURVE('',#1845,#1855,#163,.T.);
#1457=EDGE_CURVE('',#1856,#1856,#2146,.T.);
#1458=EDGE_CURVE('',#1857,#1857,#2147,.T.);
#1459=EDGE_CURVE('',#1858,#1859,#164,.T.);
#1460=EDGE_CURVE('',#1858,#1846,#2148,.T.);
#1461=EDGE_CURVE('',#1855,#1860,#165,.T.);
#1462=EDGE_CURVE('',#1859,#1860,#166,.T.);
#1463=EDGE_CURVE('',#1861,#1861,#10,.T.);
#1464=EDGE_CURVE('',#1862,#1862,#2149,.F.);
#1465=EDGE_CURVE('',#1853,#1860,#167,.T.);
#1466=EDGE_CURVE('',#1852,#1859,#168,.T.);
#1467=EDGE_CURVE('',#1863,#1863,#11,.T.);
#1468=EDGE_CURVE('',#1864,#1864,#2150,.F.);
#1469=EDGE_CURVE('',#1858,#1851,#169,.T.);
#1470=EDGE_CURVE('',#1865,#1865,#2151,.T.);
#1471=EDGE_CURVE('',#1866,#1867,#170,.T.);
#1472=EDGE_CURVE('',#1867,#1868,#2152,.T.);
#1473=EDGE_CURVE('',#1868,#1866,#171,.T.);
#1474=EDGE_CURVE('',#1869,#1869,#2153,.T.);
#1475=EDGE_CURVE('',#1870,#1871,#172,.T.);
#1476=EDGE_CURVE('',#1871,#1872,#2154,.T.);
#1477=EDGE_CURVE('',#1870,#1872,#173,.T.);
#1478=EDGE_CURVE('',#1873,#1873,#2155,.T.);
#1479=EDGE_CURVE('',#1874,#1875,#174,.T.);
#1480=EDGE_CURVE('',#1874,#1876,#2156,.T.);
#1481=EDGE_CURVE('',#1875,#1876,#175,.T.);
#1482=EDGE_CURVE('',#1877,#1870,#176,.T.);
#1483=EDGE_CURVE('',#1877,#1878,#177,.T.);
#1484=EDGE_CURVE('',#1878,#1866,#178,.T.);
#1485=EDGE_CURVE('',#1871,#1868,#179,.T.);
#1486=EDGE_CURVE('',#1872,#1874,#180,.T.);
#1487=EDGE_CURVE('',#1879,#1875,#181,.T.);
#1488=EDGE_CURVE('',#1877,#1879,#182,.T.);
#1489=EDGE_CURVE('',#1876,#1880,#183,.T.);
#1490=EDGE_CURVE('',#1880,#1881,#184,.T.);
#1491=EDGE_CURVE('',#1882,#1881,#185,.T.);
#1492=EDGE_CURVE('',#1879,#1882,#186,.T.);
#1493=EDGE_CURVE('',#1878,#1882,#187,.T.);
#1494=EDGE_CURVE('',#1883,#1881,#188,.T.);
#1495=EDGE_CURVE('',#1867,#1883,#189,.T.);
#1496=EDGE_CURVE('',#1884,#1884,#2157,.T.);
#1497=EDGE_CURVE('',#1885,#1885,#2158,.T.);
#1498=EDGE_CURVE('',#1886,#1886,#2159,.T.);
#1499=EDGE_CURVE('',#1887,#1887,#2160,.T.);
#1500=EDGE_CURVE('',#1888,#1888,#2161,.T.);
#1501=EDGE_CURVE('',#1889,#1889,#2162,.T.);
#1502=EDGE_CURVE('',#1890,#1890,#2163,.T.);
#1503=EDGE_CURVE('',#1891,#1891,#2164,.T.);
#1504=EDGE_CURVE('',#1892,#1892,#2165,.T.);
#1505=EDGE_CURVE('',#1880,#1883,#2166,.T.);
#1506=EDGE_CURVE('',#1868,#1871,#2167,.T.);
#1507=EDGE_CURVE('',#1876,#1880,#2168,.T.);
#1508=EDGE_CURVE('',#1872,#1874,#2169,.T.);
#1509=EDGE_CURVE('',#1893,#1893,#2170,.T.);
#1510=EDGE_CURVE('',#1883,#1867,#2171,.T.);
#1511=EDGE_CURVE('',#1894,#1894,#2172,.T.);
#1512=EDGE_CURVE('',#1895,#1895,#2173,.T.);
#1513=EDGE_CURVE('',#1896,#1896,#2174,.T.);
#1514=EDGE_CURVE('',#1897,#1897,#2175,.T.);
#1515=EDGE_CURVE('',#1898,#1898,#2176,.T.);
#1516=EDGE_CURVE('',#1899,#1899,#2177,.T.);
#1517=EDGE_CURVE('',#1900,#1901,#2178,.T.);
#1518=EDGE_CURVE('',#1902,#1900,#190,.T.);
#1519=EDGE_CURVE('',#1901,#1902,#191,.T.);
#1520=EDGE_CURVE('',#1903,#1904,#2179,.T.);
#1521=EDGE_CURVE('',#1905,#1903,#192,.T.);
#1522=EDGE_CURVE('',#1905,#1904,#193,.T.);
#1523=EDGE_CURVE('',#1906,#1906,#2180,.T.);
#1524=EDGE_CURVE('',#1907,#1908,#194,.F.);
#1525=EDGE_CURVE('',#1907,#1909,#12,.T.);
#1526=EDGE_CURVE('',#1910,#1909,#195,.T.);
#1527=EDGE_CURVE('',#1908,#1910,#2181,.T.);
#1528=EDGE_CURVE('',#1911,#1911,#2182,.T.);
#1529=EDGE_CURVE('',#1912,#1913,#2183,.T.);
#1530=EDGE_CURVE('',#1913,#1914,#196,.T.);
#1531=EDGE_CURVE('',#1914,#1915,#197,.T.);
#1532=EDGE_CURVE('',#1916,#1915,#198,.T.);
#1533=EDGE_CURVE('',#1916,#1912,#199,.T.);
#1534=EDGE_CURVE('',#1917,#1917,#2184,.T.);
#1535=EDGE_CURVE('',#1918,#1918,#2185,.T.);
#1536=EDGE_CURVE('',#1919,#1919,#2186,.T.);
#1537=EDGE_CURVE('',#1920,#1920,#2187,.T.);
#1538=EDGE_CURVE('',#1915,#1921,#200,.T.);
#1539=EDGE_CURVE('',#1921,#1922,#201,.T.);
#1540=EDGE_CURVE('',#1922,#1923,#202,.T.);
#1541=EDGE_CURVE('',#1923,#1924,#203,.F.);
#1542=EDGE_CURVE('',#1924,#1925,#204,.T.);
#1543=EDGE_CURVE('',#1925,#1926,#205,.T.);
#1544=EDGE_CURVE('',#1926,#1916,#206,.T.);
#1545=EDGE_CURVE('',#1927,#1928,#207,.T.);
#1546=EDGE_CURVE('',#1929,#1928,#2188,.T.);
#1547=EDGE_CURVE('',#1930,#1929,#208,.T.);
#1548=EDGE_CURVE('',#1930,#1927,#2189,.T.);
#1549=EDGE_CURVE('',#1931,#1931,#2190,.T.);
#1550=EDGE_CURVE('',#1932,#1932,#2191,.T.);
#1551=EDGE_CURVE('',#1933,#1933,#2192,.T.);
#1552=EDGE_CURVE('',#1934,#1934,#2193,.T.);
#1553=EDGE_CURVE('',#1935,#1935,#2194,.T.);
#1554=EDGE_CURVE('',#1936,#1936,#2195,.T.);
#1555=EDGE_CURVE('',#1937,#1937,#2196,.T.);
#1556=EDGE_CURVE('',#1938,#1938,#2197,.T.);
#1557=EDGE_CURVE('',#1939,#1939,#2198,.T.);
#1558=EDGE_CURVE('',#1940,#1940,#2199,.T.);
#1559=EDGE_CURVE('',#1941,#1941,#2200,.T.);
#1560=EDGE_CURVE('',#1942,#1942,#2201,.T.);
#1561=EDGE_CURVE('',#1905,#1943,#209,.T.);
#1562=EDGE_CURVE('',#1903,#1944,#210,.T.);
#1563=EDGE_CURVE('',#1944,#1901,#211,.T.);
#1564=EDGE_CURVE('',#1902,#1925,#212,.T.);
#1565=EDGE_CURVE('',#1924,#1945,#2202,.F.);
#1566=EDGE_CURVE('',#1946,#1945,#213,.T.);
#1567=EDGE_CURVE('',#1947,#1946,#214,.T.);
#1568=EDGE_CURVE('',#1947,#1948,#215,.T.);
#1569=EDGE_CURVE('',#1948,#1949,#2203,.F.);
#1570=EDGE_CURVE('',#1943,#1949,#216,.T.);
#1571=EDGE_CURVE('',#1950,#1950,#2204,.T.);
#1572=EDGE_CURVE('',#1951,#1951,#2205,.T.);
#1573=EDGE_CURVE('',#1952,#1953,#217,.T.);
#1574=EDGE_CURVE('',#1952,#1954,#218,.T.);
#1575=EDGE_CURVE('',#1955,#1954,#219,.T.);
#1576=EDGE_CURVE('',#1956,#1955,#220,.T.);
#1577=EDGE_CURVE('',#1943,#1956,#221,.T.);
#1578=EDGE_CURVE('',#1949,#1957,#222,.T.);
#1579=EDGE_CURVE('',#1957,#1953,#223,.T.);
#1580=EDGE_CURVE('',#1955,#1928,#224,.T.);
#1581=EDGE_CURVE('',#1956,#1927,#225,.T.);
#1582=EDGE_CURVE('',#1958,#1930,#226,.T.);
#1583=EDGE_CURVE('',#1959,#1958,#227,.T.);
#1584=EDGE_CURVE('',#1904,#1959,#228,.T.);
#1585=EDGE_CURVE('',#1960,#1960,#2206,.T.);
#1586=EDGE_CURVE('',#1961,#1954,#229,.T.);
#1587=EDGE_CURVE('',#1961,#1929,#230,.T.);
#1588=EDGE_CURVE('',#1962,#1962,#2207,.T.);
#1589=EDGE_CURVE('',#1963,#1921,#231,.T.);
#1590=EDGE_CURVE('',#1963,#1964,#232,.T.);
#1591=EDGE_CURVE('',#1965,#1964,#233,.T.);
#1592=EDGE_CURVE('',#1965,#1966,#234,.T.);
#1593=EDGE_CURVE('',#1922,#1966,#235,.T.);
#1594=EDGE_CURVE('',#1967,#1967,#2208,.T.);
#1595=EDGE_CURVE('',#1952,#1968,#236,.T.);
#1596=EDGE_CURVE('',#1969,#1953,#237,.T.);
#1597=EDGE_CURVE('',#1968,#1969,#238,.T.);
#1598=EDGE_CURVE('',#1970,#1971,#239,.T.);
#1599=EDGE_CURVE('',#1947,#1970,#240,.T.);
#1600=EDGE_CURVE('',#1946,#1971,#241,.T.);
#1601=EDGE_CURVE('',#1970,#1972,#242,.T.);
#1602=EDGE_CURVE('',#1972,#1948,#243,.F.);
#1603=EDGE_CURVE('',#1945,#1973,#244,.T.);
#1604=EDGE_CURVE('',#1971,#1973,#245,.T.);
#1605=EDGE_CURVE('',#1974,#1975,#246,.T.);
#1606=EDGE_CURVE('',#1969,#1975,#247,.T.);
#1607=EDGE_CURVE('',#1957,#1972,#2209,.T.);
#1608=EDGE_CURVE('',#1973,#1923,#2210,.T.);
#1609=EDGE_CURVE('',#1976,#1966,#248,.T.);
#1610=EDGE_CURVE('',#1977,#1976,#249,.T.);
#1611=EDGE_CURVE('',#1977,#1977,#2211,.T.);
#1612=EDGE_CURVE('',#1908,#1977,#250,.T.);
#1613=EDGE_CURVE('',#1974,#1910,#251,.T.);
#1614=EDGE_CURVE('',#1974,#1974,#2212,.T.);
#1615=EDGE_CURVE('',#1978,#1978,#2213,.T.);
#1616=EDGE_CURVE('',#1979,#1979,#2214,.T.);
#1617=EDGE_CURVE('',#1980,#1980,#2215,.T.);
#1618=EDGE_CURVE('',#1981,#1981,#2216,.T.);
#1619=EDGE_CURVE('',#1982,#1982,#2217,.T.);
#1620=EDGE_CURVE('',#1983,#1983,#2218,.T.);
#1621=EDGE_CURVE('',#1984,#1984,#2219,.T.);
#1622=EDGE_CURVE('',#1985,#1985,#2220,.T.);
#1623=EDGE_CURVE('',#1986,#1986,#2221,.T.);
#1624=EDGE_CURVE('',#1987,#1987,#2222,.T.);
#1625=EDGE_CURVE('',#1988,#1988,#2223,.T.);
#1626=EDGE_CURVE('',#1989,#1989,#2224,.T.);
#1627=EDGE_CURVE('',#1958,#1961,#252,.T.);
#1628=EDGE_CURVE('',#1963,#1990,#253,.T.);
#1629=EDGE_CURVE('',#1990,#1991,#254,.T.);
#1630=EDGE_CURVE('',#1964,#1991,#255,.T.);
#1631=EDGE_CURVE('',#1914,#1992,#256,.T.);
#1632=EDGE_CURVE('',#1993,#1913,#257,.T.);
#1633=EDGE_CURVE('',#1993,#1992,#258,.T.);
#1634=EDGE_CURVE('',#1994,#1912,#259,.T.);
#1635=EDGE_CURVE('',#1994,#1993,#2225,.T.);
#1636=EDGE_CURVE('',#1992,#1990,#260,.T.);
#1637=EDGE_CURVE('',#1926,#1994,#261,.T.);
#1638=EDGE_CURVE('',#1900,#1995,#262,.T.);
#1639=EDGE_CURVE('',#1995,#1991,#263,.T.);
#1640=EDGE_CURVE('',#1959,#1968,#264,.T.);
#1641=EDGE_CURVE('',#1996,#1996,#2226,.T.);
#1642=EDGE_CURVE('',#1997,#1997,#2227,.T.);
#1643=EDGE_CURVE('',#1965,#1995,#265,.T.);
#1644=EDGE_CURVE('',#1998,#1998,#2228,.T.);
#1645=EDGE_CURVE('',#1999,#1999,#2229,.T.);
#1646=EDGE_CURVE('',#1944,#1944,#2230,.T.);
#1647=EDGE_CURVE('',#1904,#1903,#2231,.T.);
#1648=EDGE_CURVE('',#1976,#1975,#2232,.T.);
#1649=EDGE_CURVE('',#1901,#1900,#2233,.T.);
#1650=EDGE_CURVE('',#2000,#2000,#2234,.T.);
#1651=EDGE_CURVE('',#2001,#2001,#2235,.T.);
#1652=EDGE_CURVE('',#1977,#1907,#2236,.T.);
#1653=EDGE_CURVE('',#1909,#1974,#2237,.T.);
#1654=EDGE_CURVE('',#2002,#2002,#2238,.T.);
#1655=EDGE_CURVE('',#2003,#2003,#2239,.T.);
#1656=EDGE_CURVE('',#2004,#2004,#2240,.T.);
#1657=EDGE_CURVE('',#2005,#2005,#2241,.T.);
#1658=EDGE_CURVE('',#2006,#2006,#2242,.T.);
#1659=EDGE_CURVE('',#2007,#2007,#2243,.T.);
#1660=EDGE_CURVE('',#2008,#2008,#2244,.T.);
#1661=EDGE_CURVE('',#2009,#2009,#2245,.T.);
#1662=EDGE_CURVE('',#2010,#2010,#2246,.T.);
#1663=EDGE_CURVE('',#2011,#2011,#2247,.T.);
#1664=EDGE_CURVE('',#2012,#2012,#2248,.T.);
#1665=EDGE_CURVE('',#2013,#2013,#2249,.T.);
#1666=EDGE_CURVE('',#2014,#2014,#2250,.T.);
#1667=EDGE_CURVE('',#2015,#2015,#2251,.T.);
#1668=EDGE_CURVE('',#2016,#2016,#2252,.T.);
#1669=EDGE_CURVE('',#2017,#2017,#2253,.T.);
#1670=EDGE_CURVE('',#2018,#2018,#2254,.T.);
#1671=EDGE_CURVE('',#2019,#2020,#2255,.T.);
#1672=EDGE_CURVE('',#2021,#2019,#266,.T.);
#1673=EDGE_CURVE('',#2021,#2022,#2256,.T.);
#1674=EDGE_CURVE('',#2022,#2020,#267,.T.);
#1675=EDGE_CURVE('',#2023,#2019,#268,.T.);
#1676=EDGE_CURVE('',#2024,#2023,#269,.T.);
#1677=EDGE_CURVE('',#2024,#2021,#270,.T.);
#1678=EDGE_CURVE('',#2023,#2025,#2257,.T.);
#1679=EDGE_CURVE('',#2026,#2025,#271,.T.);
#1680=EDGE_CURVE('',#2024,#2026,#2258,.T.);
#1681=EDGE_CURVE('',#2027,#2025,#272,.T.);
#1682=EDGE_CURVE('',#2028,#2027,#273,.T.);
#1683=EDGE_CURVE('',#2028,#2026,#274,.T.);
#1684=EDGE_CURVE('',#2029,#2030,#275,.T.);
#1685=EDGE_CURVE('',#2029,#2031,#276,.T.);
#1686=EDGE_CURVE('',#2028,#2031,#277,.T.);
#1687=EDGE_CURVE('',#2027,#2032,#278,.T.);
#1688=EDGE_CURVE('',#2033,#2032,#279,.T.);
#1689=EDGE_CURVE('',#2034,#2033,#280,.T.);
#1690=EDGE_CURVE('',#2030,#2034,#281,.T.);
#1691=EDGE_CURVE('',#2032,#2035,#282,.T.);
#1692=EDGE_CURVE('',#2036,#2035,#283,.T.);
#1693=EDGE_CURVE('',#2033,#2036,#284,.T.);
#1694=EDGE_CURVE('',#2020,#2035,#285,.T.);
#1695=EDGE_CURVE('',#2022,#2036,#286,.T.);
#1696=EDGE_CURVE('',#2034,#2037,#287,.T.);
#1697=EDGE_CURVE('',#2038,#2031,#288,.T.);
#1698=EDGE_CURVE('',#2037,#2038,#289,.T.);
#1699=EDGE_CURVE('',#2039,#2039,#2259,.T.);
#1700=EDGE_CURVE('',#2040,#2040,#2260,.T.);
#1701=EDGE_CURVE('',#2041,#2041,#2261,.T.);
#1702=EDGE_CURVE('',#2042,#2037,#290,.T.);
#1703=EDGE_CURVE('',#2030,#2042,#291,.T.);
#1704=EDGE_CURVE('',#2043,#2038,#292,.T.);
#1705=EDGE_CURVE('',#2042,#2043,#293,.T.);
#1706=EDGE_CURVE('',#2043,#2029,#294,.T.);
#1707=EDGE_CURVE('',#2044,#2044,#2262,.T.);
#1708=EDGE_CURVE('',#2045,#2045,#2263,.T.);
#1709=EDGE_CURVE('',#2046,#2047,#295,.T.);
#1710=EDGE_CURVE('',#2046,#2048,#296,.T.);
#1711=EDGE_CURVE('',#2048,#2049,#297,.T.);
#1712=EDGE_CURVE('',#2049,#2050,#298,.T.);
#1713=EDGE_CURVE('',#2051,#2050,#299,.T.);
#1714=EDGE_CURVE('',#2051,#2052,#300,.T.);
#1715=EDGE_CURVE('',#2053,#2052,#2264,.T.);
#1716=EDGE_CURVE('',#2053,#2054,#301,.T.);
#1717=EDGE_CURVE('',#2054,#2055,#2265,.T.);
#1718=EDGE_CURVE('',#2055,#2056,#302,.T.);
#1719=EDGE_CURVE('',#2047,#2056,#303,.T.);
#1720=EDGE_CURVE('',#2057,#2058,#2266,.T.);
#1721=EDGE_CURVE('',#2055,#2058,#304,.T.);
#1722=EDGE_CURVE('',#2054,#2057,#305,.T.);
#1723=EDGE_CURVE('',#2059,#2057,#306,.T.);
#1724=EDGE_CURVE('',#2053,#2059,#307,.T.);
#1725=EDGE_CURVE('',#2059,#2060,#2267,.T.);
#1726=EDGE_CURVE('',#2052,#2060,#308,.T.);
#1727=EDGE_CURVE('',#2061,#2060,#309,.T.);
#1728=EDGE_CURVE('',#2051,#2061,#310,.T.);
#1729=EDGE_CURVE('',#2062,#2063,#311,.T.);
#1730=EDGE_CURVE('',#2063,#2046,#312,.T.);
#1731=EDGE_CURVE('',#2047,#2064,#313,.T.);
#1732=EDGE_CURVE('',#2061,#2064,#314,.T.);
#1733=EDGE_CURVE('',#2062,#2050,#315,.T.);
#1734=EDGE_CURVE('',#2064,#2065,#316,.T.);
#1735=EDGE_CURVE('',#2056,#2065,#317,.T.);
#1736=EDGE_CURVE('',#2058,#2065,#318,.T.);
#1737=EDGE_CURVE('',#2066,#2066,#2268,.T.);
#1738=EDGE_CURVE('',#2067,#2067,#2269,.T.);
#1739=EDGE_CURVE('',#2063,#2068,#319,.T.);
#1740=EDGE_CURVE('',#2068,#2048,#320,.T.);
#1741=EDGE_CURVE('',#2069,#2049,#321,.T.);
#1742=EDGE_CURVE('',#2069,#2062,#322,.T.);
#1743=EDGE_CURVE('',#2068,#2069,#323,.T.);
#1744=EDGE_CURVE('',#2070,#2070,#2270,.T.);
#1745=EDGE_CURVE('',#2071,#2072,#324,.T.);
#1746=EDGE_CURVE('',#2073,#2071,#325,.T.);
#1747=EDGE_CURVE('',#2074,#2073,#326,.T.);
#1748=EDGE_CURVE('',#2074,#2072,#327,.T.);
#1749=EDGE_CURVE('',#2075,#2075,#2271,.T.);
#1750=EDGE_CURVE('',#2076,#2076,#2272,.T.);
#1751=EDGE_CURVE('',#2072,#2077,#328,.T.);
#1752=EDGE_CURVE('',#2077,#2078,#329,.T.);
#1753=EDGE_CURVE('',#2079,#2078,#330,.T.);
#1754=EDGE_CURVE('',#2079,#2080,#331,.T.);
#1755=EDGE_CURVE('',#2080,#2081,#332,.T.);
#1756=EDGE_CURVE('',#2081,#2082,#333,.T.);
#1757=EDGE_CURVE('',#2071,#2082,#334,.T.);
#1758=EDGE_CURVE('',#2083,#2084,#335,.T.);
#1759=EDGE_CURVE('',#2074,#2083,#336,.T.);
#1760=EDGE_CURVE('',#2084,#2073,#337,.T.);
#1761=EDGE_CURVE('',#2085,#2082,#2273,.F.);
#1762=EDGE_CURVE('',#2085,#2086,#338,.T.);
#1763=EDGE_CURVE('',#2086,#2084,#339,.T.);
#1764=EDGE_CURVE('',#2083,#2087,#340,.T.);
#1765=EDGE_CURVE('',#2087,#2088,#341,.T.);
#1766=EDGE_CURVE('',#2077,#2088,#2274,.F.);
#1767=EDGE_CURVE('',#2087,#2086,#342,.T.);
#1768=EDGE_CURVE('',#2088,#2085,#343,.F.);
#1769=EDGE_CURVE('',#2080,#2089,#2275,.T.);
#1770=EDGE_CURVE('',#2079,#2090,#2276,.T.);
#1771=EDGE_CURVE('',#2089,#2090,#344,.T.);
#1772=EDGE_CURVE('',#2090,#2091,#345,.T.);
#1773=EDGE_CURVE('',#2092,#2091,#346,.T.);
#1774=EDGE_CURVE('',#2089,#2092,#347,.T.);
#1775=EDGE_CURVE('',#2081,#2092,#2277,.T.);
#1776=EDGE_CURVE('',#2078,#2091,#2278,.T.);
#1777=EDGE_CURVE('',#2093,#2094,#2279,.T.);
#1778=EDGE_CURVE('',#2095,#2093,#348,.T.);
#1779=EDGE_CURVE('',#2095,#2096,#2280,.T.);
#1780=EDGE_CURVE('',#2096,#2094,#349,.T.);
#1781=EDGE_CURVE('',#2097,#2094,#350,.T.);
#1782=EDGE_CURVE('',#2098,#2096,#351,.T.);
#1783=EDGE_CURVE('',#2098,#2097,#352,.T.);
#1784=EDGE_CURVE('',#2097,#2099,#2281,.T.);
#1785=EDGE_CURVE('',#2098,#2100,#2282,.T.);
#1786=EDGE_CURVE('',#2100,#2099,#353,.T.);
#1787=EDGE_CURVE('',#2099,#2093,#354,.T.);
#1788=EDGE_CURVE('',#2100,#2095,#355,.T.);
#1789=EDGE_CURVE('',#2101,#2101,#2283,.T.);
#1790=EDGE_CURVE('',#2102,#2102,#2284,.T.);
#1791=EDGE_CURVE('',#2103,#2103,#2285,.T.);
#1792=EDGE_CURVE('',#2104,#2104,#2286,.T.);
#1793=EDGE_CURVE('',#2105,#2105,#2287,.T.);
#1794=EDGE_CURVE('',#2106,#2106,#2288,.T.);
#1795=EDGE_CURVE('',#2107,#2107,#2289,.T.);
#1796=EDGE_CURVE('',#2108,#2108,#2290,.T.);
#1797=EDGE_CURVE('',#2109,#2110,#356,.T.);
#1798=EDGE_CURVE('',#2110,#2111,#357,.T.);
#1799=EDGE_CURVE('',#2112,#2111,#358,.T.);
#1800=EDGE_CURVE('',#2112,#2109,#359,.T.);
#1801=EDGE_CURVE('',#2113,#2113,#2291,.T.);
#1802=EDGE_CURVE('',#2114,#2114,#2292,.T.);
#1803=EDGE_CURVE('',#2115,#2116,#360,.T.);
#1804=EDGE_CURVE('',#2115,#2109,#361,.T.);
#1805=EDGE_CURVE('',#2112,#2116,#362,.T.);
#1806=EDGE_CURVE('',#2110,#2117,#363,.T.);
#1807=EDGE_CURVE('',#2118,#2117,#364,.T.);
#1808=EDGE_CURVE('',#2118,#2119,#365,.T.);
#1809=EDGE_CURVE('',#2120,#2119,#366,.T.);
#1810=EDGE_CURVE('',#2121,#2120,#367,.T.);
#1811=EDGE_CURVE('',#2122,#2121,#368,.T.);
#1812=EDGE_CURVE('',#2111,#2122,#369,.T.);
#1813=EDGE_CURVE('',#2115,#2123,#370,.T.);
#1814=EDGE_CURVE('',#2124,#2123,#371,.T.);
#1815=EDGE_CURVE('',#2117,#2124,#2293,.F.);
#1816=EDGE_CURVE('',#2125,#2122,#2294,.F.);
#1817=EDGE_CURVE('',#2126,#2125,#372,.T.);
#1818=EDGE_CURVE('',#2126,#2116,#373,.T.);
#1819=EDGE_CURVE('',#2123,#2126,#374,.T.);
#1820=EDGE_CURVE('',#2124,#2125,#375,.T.);
#1821=EDGE_CURVE('',#2127,#2128,#376,.T.);
#1822=EDGE_CURVE('',#2129,#2127,#377,.T.);
#1823=EDGE_CURVE('',#2129,#2130,#378,.T.);
#1824=EDGE_CURVE('',#2130,#2128,#379,.T.);
#1825=EDGE_CURVE('',#2127,#2120,#2295,.T.);
#1826=EDGE_CURVE('',#2129,#2119,#2296,.T.);
#1827=EDGE_CURVE('',#2128,#2121,#2297,.T.);
#1828=EDGE_CURVE('',#2130,#2118,#2298,.T.);
#1829=VERTEX_POINT('',#4717);
#1830=VERTEX_POINT('',#4718);
#1831=VERTEX_POINT('',#4720);
#1832=VERTEX_POINT('',#4722);
#1833=VERTEX_POINT('',#4726);
#1834=VERTEX_POINT('',#4728);
#1835=VERTEX_POINT('',#4732);
#1836=VERTEX_POINT('',#4734);
#1837=VERTEX_POINT('',#4741);
#1838=VERTEX_POINT('',#4743);
#1839=VERTEX_POINT('',#4746);
#1840=VERTEX_POINT('',#4748);
#1841=VERTEX_POINT('',#4752);
#1842=VERTEX_POINT('',#4755);
#1843=VERTEX_POINT('',#4758);
#1844=VERTEX_POINT('',#4761);
#1845=VERTEX_POINT('',#4766);
#1846=VERTEX_POINT('',#4767);
#1847=VERTEX_POINT('',#4769);
#1848=VERTEX_POINT('',#4771);
#1849=VERTEX_POINT('',#4775);
#1850=VERTEX_POINT('',#4777);
#1851=VERTEX_POINT('',#4779);
#1852=VERTEX_POINT('',#4781);
#1853=VERTEX_POINT('',#4783);
#1854=VERTEX_POINT('',#4785);
#1855=VERTEX_POINT('',#4789);
#1856=VERTEX_POINT('',#4793);
#1857=VERTEX_POINT('',#4795);
#1858=VERTEX_POINT('',#4797);
#1859=VERTEX_POINT('',#4798);
#1860=VERTEX_POINT('',#4801);
#1861=VERTEX_POINT('',#4817);
#1862=VERTEX_POINT('',#4819);
#1863=VERTEX_POINT('',#4837);
#1864=VERTEX_POINT('',#4839);
#1865=VERTEX_POINT('',#4849);
#1866=VERTEX_POINT('',#4851);
#1867=VERTEX_POINT('',#4852);
#1868=VERTEX_POINT('',#4854);
#1869=VERTEX_POINT('',#4858);
#1870=VERTEX_POINT('',#4860);
#1871=VERTEX_POINT('',#4861);
#1872=VERTEX_POINT('',#4863);
#1873=VERTEX_POINT('',#4867);
#1874=VERTEX_POINT('',#4869);
#1875=VERTEX_POINT('',#4870);
#1876=VERTEX_POINT('',#4872);
#1877=VERTEX_POINT('',#4876);
#1878=VERTEX_POINT('',#4878);
#1879=VERTEX_POINT('',#4884);
#1880=VERTEX_POINT('',#4888);
#1881=VERTEX_POINT('',#4890);
#1882=VERTEX_POINT('',#4892);
#1883=VERTEX_POINT('',#4897);
#1884=VERTEX_POINT('',#4901);
#1885=VERTEX_POINT('',#4903);
#1886=VERTEX_POINT('',#4905);
#1887=VERTEX_POINT('',#4907);
#1888=VERTEX_POINT('',#4909);
#1889=VERTEX_POINT('',#4911);
#1890=VERTEX_POINT('',#4913);
#1891=VERTEX_POINT('',#4915);
#1892=VERTEX_POINT('',#4918);
#1893=VERTEX_POINT('',#4928);
#1894=VERTEX_POINT('',#4932);
#1895=VERTEX_POINT('',#4934);
#1896=VERTEX_POINT('',#4936);
#1897=VERTEX_POINT('',#4938);
#1898=VERTEX_POINT('',#4940);
#1899=VERTEX_POINT('',#4944);
#1900=VERTEX_POINT('',#4957);
#1901=VERTEX_POINT('',#4958);
#1902=VERTEX_POINT('',#4960);
#1903=VERTEX_POINT('',#4964);
#1904=VERTEX_POINT('',#4965);
#1905=VERTEX_POINT('',#4967);
#1906=VERTEX_POINT('',#4971);
#1907=VERTEX_POINT('',#4973);
#1908=VERTEX_POINT('',#4974);
#1909=VERTEX_POINT('',#4982);
#1910=VERTEX_POINT('',#4984);
#1911=VERTEX_POINT('',#4988);
#1912=VERTEX_POINT('',#4990);
#1913=VERTEX_POINT('',#4991);
#1914=VERTEX_POINT('',#4993);
#1915=VERTEX_POINT('',#4995);
#1916=VERTEX_POINT('',#4997);
#1917=VERTEX_POINT('',#5001);
#1918=VERTEX_POINT('',#5003);
#1919=VERTEX_POINT('',#5006);
#1920=VERTEX_POINT('',#5008);
#1921=VERTEX_POINT('',#5011);
#1922=VERTEX_POINT('',#5013);
#1923=VERTEX_POINT('',#5015);
#1924=VERTEX_POINT('',#5017);
#1925=VERTEX_POINT('',#5019);
#1926=VERTEX_POINT('',#5021);
#1927=VERTEX_POINT('',#5025);
#1928=VERTEX_POINT('',#5026);
#1929=VERTEX_POINT('',#5028);
#1930=VERTEX_POINT('',#5030);
#1931=VERTEX_POINT('',#5034);
#1932=VERTEX_POINT('',#5036);
#1933=VERTEX_POINT('',#5038);
#1934=VERTEX_POINT('',#5040);
#1935=VERTEX_POINT('',#5042);
#1936=VERTEX_POINT('',#5044);
#1937=VERTEX_POINT('',#5046);
#1938=VERTEX_POINT('',#5048);
#1939=VERTEX_POINT('',#5050);
#1940=VERTEX_POINT('',#5052);
#1941=VERTEX_POINT('',#5054);
#1942=VERTEX_POINT('',#5056);
#1943=VERTEX_POINT('',#5058);
#1944=VERTEX_POINT('',#5060);
#1945=VERTEX_POINT('',#5064);
#1946=VERTEX_POINT('',#5066);
#1947=VERTEX_POINT('',#5068);
#1948=VERTEX_POINT('',#5070);
#1949=VERTEX_POINT('',#5072);
#1950=VERTEX_POINT('',#5075);
#1951=VERTEX_POINT('',#5077);
#1952=VERTEX_POINT('',#5080);
#1953=VERTEX_POINT('',#5081);
#1954=VERTEX_POINT('',#5083);
#1955=VERTEX_POINT('',#5085);
#1956=VERTEX_POINT('',#5087);
#1957=VERTEX_POINT('',#5090);
#1958=VERTEX_POINT('',#5097);
#1959=VERTEX_POINT('',#5099);
#1960=VERTEX_POINT('',#5103);
#1961=VERTEX_POINT('',#5105);
#1962=VERTEX_POINT('',#5109);
#1963=VERTEX_POINT('',#5111);
#1964=VERTEX_POINT('',#5113);
#1965=VERTEX_POINT('',#5115);
#1966=VERTEX_POINT('',#5117);
#1967=VERTEX_POINT('',#5121);
#1968=VERTEX_POINT('',#5123);
#1969=VERTEX_POINT('',#5125);
#1970=VERTEX_POINT('',#5129);
#1971=VERTEX_POINT('',#5130);
#1972=VERTEX_POINT('',#5135);
#1973=VERTEX_POINT('',#5139);
#1974=VERTEX_POINT('',#5143);
#1975=VERTEX_POINT('',#5144);
#1976=VERTEX_POINT('',#5149);
#1977=VERTEX_POINT('',#5151);
#1978=VERTEX_POINT('',#5157);
#1979=VERTEX_POINT('',#5159);
#1980=VERTEX_POINT('',#5161);
#1981=VERTEX_POINT('',#5163);
#1982=VERTEX_POINT('',#5165);
#1983=VERTEX_POINT('',#5167);
#1984=VERTEX_POINT('',#5169);
#1985=VERTEX_POINT('',#5171);
#1986=VERTEX_POINT('',#5173);
#1987=VERTEX_POINT('',#5175);
#1988=VERTEX_POINT('',#5177);
#1989=VERTEX_POINT('',#5179);
#1990=VERTEX_POINT('',#5188);
#1991=VERTEX_POINT('',#5190);
#1992=VERTEX_POINT('',#5194);
#1993=VERTEX_POINT('',#5196);
#1994=VERTEX_POINT('',#5200);
#1995=VERTEX_POINT('',#5206);
#1996=VERTEX_POINT('',#5214);
#1997=VERTEX_POINT('',#5218);
#1998=VERTEX_POINT('',#5234);
#1999=VERTEX_POINT('',#5236);
#2000=VERTEX_POINT('',#5243);
#2001=VERTEX_POINT('',#5247);
#2002=VERTEX_POINT('',#5258);
#2003=VERTEX_POINT('',#5262);
#2004=VERTEX_POINT('',#5266);
#2005=VERTEX_POINT('',#5270);
#2006=VERTEX_POINT('',#5274);
#2007=VERTEX_POINT('',#5279);
#2008=VERTEX_POINT('',#5281);
#2009=VERTEX_POINT('',#5284);
#2010=VERTEX_POINT('',#5286);
#2011=VERTEX_POINT('',#5288);
#2012=VERTEX_POINT('',#5290);
#2013=VERTEX_POINT('',#5292);
#2014=VERTEX_POINT('',#5295);
#2015=VERTEX_POINT('',#5297);
#2016=VERTEX_POINT('',#5299);
#2017=VERTEX_POINT('',#5301);
#2018=VERTEX_POINT('',#5303);
#2019=VERTEX_POINT('',#5312);
#2020=VERTEX_POINT('',#5313);
#2021=VERTEX_POINT('',#5315);
#2022=VERTEX_POINT('',#5317);
#2023=VERTEX_POINT('',#5321);
#2024=VERTEX_POINT('',#5323);
#2025=VERTEX_POINT('',#5327);
#2026=VERTEX_POINT('',#5329);
#2027=VERTEX_POINT('',#5333);
#2028=VERTEX_POINT('',#5335);
#2029=VERTEX_POINT('',#5339);
#2030=VERTEX_POINT('',#5340);
#2031=VERTEX_POINT('',#5342);
#2032=VERTEX_POINT('',#5345);
#2033=VERTEX_POINT('',#5347);
#2034=VERTEX_POINT('',#5349);
#2035=VERTEX_POINT('',#5353);
#2036=VERTEX_POINT('',#5355);
#2037=VERTEX_POINT('',#5362);
#2038=VERTEX_POINT('',#5364);
#2039=VERTEX_POINT('',#5367);
#2040=VERTEX_POINT('',#5370);
#2041=VERTEX_POINT('',#5372);
#2042=VERTEX_POINT('',#5376);
#2043=VERTEX_POINT('',#5380);
#2044=VERTEX_POINT('',#5386);
#2045=VERTEX_POINT('',#5391);
#2046=VERTEX_POINT('',#5393);
#2047=VERTEX_POINT('',#5394);
#2048=VERTEX_POINT('',#5396);
#2049=VERTEX_POINT('',#5398);
#2050=VERTEX_POINT('',#5400);
#2051=VERTEX_POINT('',#5402);
#2052=VERTEX_POINT('',#5404);
#2053=VERTEX_POINT('',#5406);
#2054=VERTEX_POINT('',#5408);
#2055=VERTEX_POINT('',#5410);
#2056=VERTEX_POINT('',#5412);
#2057=VERTEX_POINT('',#5416);
#2058=VERTEX_POINT('',#5417);
#2059=VERTEX_POINT('',#5422);
#2060=VERTEX_POINT('',#5426);
#2061=VERTEX_POINT('',#5430);
#2062=VERTEX_POINT('',#5434);
#2063=VERTEX_POINT('',#5435);
#2064=VERTEX_POINT('',#5438);
#2065=VERTEX_POINT('',#5443);
#2066=VERTEX_POINT('',#5449);
#2067=VERTEX_POINT('',#5451);
#2068=VERTEX_POINT('',#5455);
#2069=VERTEX_POINT('',#5459);
#2070=VERTEX_POINT('',#5465);
#2071=VERTEX_POINT('',#5470);
#2072=VERTEX_POINT('',#5471);
#2073=VERTEX_POINT('',#5473);
#2074=VERTEX_POINT('',#5475);
#2075=VERTEX_POINT('',#5479);
#2076=VERTEX_POINT('',#5481);
#2077=VERTEX_POINT('',#5484);
#2078=VERTEX_POINT('',#5486);
#2079=VERTEX_POINT('',#5488);
#2080=VERTEX_POINT('',#5490);
#2081=VERTEX_POINT('',#5492);
#2082=VERTEX_POINT('',#5494);
#2083=VERTEX_POINT('',#5498);
#2084=VERTEX_POINT('',#5499);
#2085=VERTEX_POINT('',#5504);
#2086=VERTEX_POINT('',#5506);
#2087=VERTEX_POINT('',#5510);
#2088=VERTEX_POINT('',#5512);
#2089=VERTEX_POINT('',#5520);
#2090=VERTEX_POINT('',#5522);
#2091=VERTEX_POINT('',#5526);
#2092=VERTEX_POINT('',#5528);
#2093=VERTEX_POINT('',#5538);
#2094=VERTEX_POINT('',#5539);
#2095=VERTEX_POINT('',#5541);
#2096=VERTEX_POINT('',#5543);
#2097=VERTEX_POINT('',#5547);
#2098=VERTEX_POINT('',#5549);
#2099=VERTEX_POINT('',#5553);
#2100=VERTEX_POINT('',#5555);
#2101=VERTEX_POINT('',#5562);
#2102=VERTEX_POINT('',#5564);
#2103=VERTEX_POINT('',#5567);
#2104=VERTEX_POINT('',#5569);
#2105=VERTEX_POINT('',#5573);
#2106=VERTEX_POINT('',#5576);
#2107=VERTEX_POINT('',#5579);
#2108=VERTEX_POINT('',#5582);
#2109=VERTEX_POINT('',#5587);
#2110=VERTEX_POINT('',#5588);
#2111=VERTEX_POINT('',#5590);
#2112=VERTEX_POINT('',#5592);
#2113=VERTEX_POINT('',#5596);
#2114=VERTEX_POINT('',#5598);
#2115=VERTEX_POINT('',#5601);
#2116=VERTEX_POINT('',#5602);
#2117=VERTEX_POINT('',#5607);
#2118=VERTEX_POINT('',#5609);
#2119=VERTEX_POINT('',#5611);
#2120=VERTEX_POINT('',#5613);
#2121=VERTEX_POINT('',#5615);
#2122=VERTEX_POINT('',#5617);
#2123=VERTEX_POINT('',#5621);
#2124=VERTEX_POINT('',#5623);
#2125=VERTEX_POINT('',#5627);
#2126=VERTEX_POINT('',#5629);
#2127=VERTEX_POINT('',#5637);
#2128=VERTEX_POINT('',#5638);
#2129=VERTEX_POINT('',#5640);
#2130=VERTEX_POINT('',#5642);
#2131=CIRCLE('',#3375,0.008);
#2132=CIRCLE('',#3376,0.008);
#2133=CIRCLE('',#3379,0.008);
#2134=CIRCLE('',#3380,0.008);
#2135=CIRCLE('',#3383,0.00175);
#2136=CIRCLE('',#3384,0.00175);
#2137=CIRCLE('',#3386,0.004);
#2138=CIRCLE('',#3387,0.00175);
#2139=CIRCLE('',#3390,0.00175);
#2140=CIRCLE('',#3392,0.0035);
#2141=CIRCLE('',#3394,0.0035);
#2142=CIRCLE('',#3396,0.004);
#2143=CIRCLE('',#3401,0.0014);
#2144=CIRCLE('',#3402,0.0014);
#2145=CIRCLE('',#3403,0.0205);
#2146=CIRCLE('',#3406,0.0014);
#2147=CIRCLE('',#3407,0.0014);
#2148=CIRCLE('',#3408,0.0205);
#2149=CIRCLE('',#3410,0.0014);
#2150=CIRCLE('',#3413,0.0014);
#2151=CIRCLE('',#3421,0.002);
#2152=CIRCLE('',#3422,0.0205);
#2153=CIRCLE('',#3424,0.002);
#2154=CIRCLE('',#3425,0.0205);
#2155=CIRCLE('',#3427,0.002);
#2156=CIRCLE('',#3428,0.0205);
#2157=CIRCLE('',#3434,0.00175);
#2158=CIRCLE('',#3435,0.00175);
#2159=CIRCLE('',#3436,0.00175);
#2160=CIRCLE('',#3437,0.00175);
#2161=CIRCLE('',#3438,0.002);
#2162=CIRCLE('',#3439,0.002);
#2163=CIRCLE('',#3440,0.002);
#2164=CIRCLE('',#3441,0.002);
#2165=CIRCLE('',#3443,0.002);
#2166=CIRCLE('',#3444,0.0205);
#2167=CIRCLE('',#3446,0.0205);
#2168=CIRCLE('',#3448,0.0205);
#2169=CIRCLE('',#3450,0.0205);
#2170=CIRCLE('',#3452,0.0205);
#2171=CIRCLE('',#3453,0.0205);
#2172=CIRCLE('',#3455,0.00175);
#2173=CIRCLE('',#3456,0.00175);
#2174=CIRCLE('',#3457,0.00175);
#2175=CIRCLE('',#3458,0.00175);
#2176=CIRCLE('',#3459,0.004);
#2177=CIRCLE('',#3462,0.004);
#2178=CIRCLE('',#3474,0.004);
#2179=CIRCLE('',#3476,0.004);
#2180=CIRCLE('',#3478,0.00125);
#2181=CIRCLE('',#3479,0.00125);
#2182=CIRCLE('',#3481,0.0055);
#2183=CIRCLE('',#3482,0.00825);
#2184=CIRCLE('',#3484,0.005);
#2185=CIRCLE('',#3485,0.005);
#2186=CIRCLE('',#3487,0.005);
#2187=CIRCLE('',#3488,0.005);
#2188=CIRCLE('',#3491,0.00825);
#2189=CIRCLE('',#3492,0.00825);
#2190=CIRCLE('',#3494,0.001);
#2191=CIRCLE('',#3495,0.001);
#2192=CIRCLE('',#3496,0.00175);
#2193=CIRCLE('',#3497,0.00175);
#2194=CIRCLE('',#3498,0.00175);
#2195=CIRCLE('',#3499,0.00175);
#2196=CIRCLE('',#3500,0.00175);
#2197=CIRCLE('',#3501,0.00175);
#2198=CIRCLE('',#3502,0.00175);
#2199=CIRCLE('',#3503,0.00175);
#2200=CIRCLE('',#3504,0.00175);
#2201=CIRCLE('',#3505,0.00175);
#2202=CIRCLE('',#3506,0.035);
#2203=CIRCLE('',#3507,0.035);
#2204=CIRCLE('',#3508,0.00175);
#2205=CIRCLE('',#3509,0.00175);
#2206=CIRCLE('',#3514,0.0055);
#2207=CIRCLE('',#3516,0.0055);
#2208=CIRCLE('',#3518,0.0055);
#2209=CIRCLE('',#3523,0.035);
#2210=CIRCLE('',#3524,0.035);
#2211=CIRCLE('',#3525,0.001);
#2212=CIRCLE('',#3526,0.001);
#2213=CIRCLE('',#3527,0.00175);
#2214=CIRCLE('',#3528,0.00175);
#2215=CIRCLE('',#3529,0.00175);
#2216=CIRCLE('',#3530,0.00175);
#2217=CIRCLE('',#3531,0.00175);
#2218=CIRCLE('',#3532,0.00175);
#2219=CIRCLE('',#3533,0.00175);
#2220=CIRCLE('',#3534,0.00175);
#2221=CIRCLE('',#3535,0.00175);
#2222=CIRCLE('',#3536,0.00175);
#2223=CIRCLE('',#3537,0.00175);
#2224=CIRCLE('',#3538,0.00175);
#2225=CIRCLE('',#3547,0.00825);
#2226=CIRCLE('',#3553,0.0055);
#2227=CIRCLE('',#3556,0.0055);
#2228=CIRCLE('',#3570,0.004);
#2229=CIRCLE('',#3571,0.004);
#2230=CIRCLE('',#3572,0.004);
#2231=CIRCLE('',#3573,0.004);
#2232=CIRCLE('',#3574,0.0025);
#2233=CIRCLE('',#3575,0.004);
#2234=CIRCLE('',#3577,0.0055);
#2235=CIRCLE('',#3580,0.0055);
#2236=CIRCLE('',#3585,0.0025);
#2237=CIRCLE('',#3586,0.0025);
#2238=CIRCLE('',#3590,0.004);
#2239=CIRCLE('',#3593,0.004);
#2240=CIRCLE('',#3596,0.004);
#2241=CIRCLE('',#3599,0.004);
#2242=CIRCLE('',#3602,0.004);
#2243=CIRCLE('',#3606,0.03);
#2244=CIRCLE('',#3607,0.03);
#2245=CIRCLE('',#3609,0.00175);
#2246=CIRCLE('',#3610,0.00175);
#2247=CIRCLE('',#3611,0.00175);
#2248=CIRCLE('',#3612,0.00175);
#2249=CIRCLE('',#3613,0.004);
#2250=CIRCLE('',#3615,0.00175);
#2251=CIRCLE('',#3616,0.00175);
#2252=CIRCLE('',#3617,0.00175);
#2253=CIRCLE('',#3618,0.00175);
#2254=CIRCLE('',#3619,0.004);
#2255=CIRCLE('',#3627,0.008);
#2256=CIRCLE('',#3628,0.008);
#2257=CIRCLE('',#3631,0.0065);
#2258=CIRCLE('',#3632,0.0065);
#2259=CIRCLE('',#3638,0.00175);
#2260=CIRCLE('',#3640,0.0014);
#2261=CIRCLE('',#3641,0.00175);
#2262=CIRCLE('',#3647,0.0014);
#2263=CIRCLE('',#3651,0.00175);
#2264=CIRCLE('',#3652,0.0065);
#2265=CIRCLE('',#3653,0.008);
#2266=CIRCLE('',#3655,0.008);
#2267=CIRCLE('',#3658,0.0065);
#2268=CIRCLE('',#3664,0.0014);
#2269=CIRCLE('',#3665,0.00175);
#2270=CIRCLE('',#3671,0.0014);
#2271=CIRCLE('',#3676,0.00175);
#2272=CIRCLE('',#3677,0.00175);
#2273=CIRCLE('',#3681,0.1485);
#2274=CIRCLE('',#3683,0.1485);
#2275=CIRCLE('',#3687,0.15);
#2276=CIRCLE('',#3688,0.15);
#2277=CIRCLE('',#3691,0.1485);
#2278=CIRCLE('',#3692,0.1485);
#2279=CIRCLE('',#3697,0.008);
#2280=CIRCLE('',#3698,0.008);
#2281=CIRCLE('',#3701,0.008);
#2282=CIRCLE('',#3702,0.008);
#2283=CIRCLE('',#3705,0.00175);
#2284=CIRCLE('',#3706,0.00175);
#2285=CIRCLE('',#3708,0.004);
#2286=CIRCLE('',#3709,0.00175);
#2287=CIRCLE('',#3712,0.00175);
#2288=CIRCLE('',#3714,0.0035);
#2289=CIRCLE('',#3716,0.0035);
#2290=CIRCLE('',#3718,0.004);
#2291=CIRCLE('',#3723,0.00175);
#2292=CIRCLE('',#3724,0.00175);
#2293=CIRCLE('',#3728,0.1485);
#2294=CIRCLE('',#3730,0.1485);
#2295=CIRCLE('',#3735,0.15);
#2296=CIRCLE('',#3736,0.15);
#2297=CIRCLE('',#3738,0.1485);
#2298=CIRCLE('',#3739,0.1485);
#2299=EDGE_LOOP('',(#614,#615,#616,#617));
#2300=EDGE_LOOP('',(#618,#619,#620,#621));
#2301=EDGE_LOOP('',(#622,#623,#624,#625));
#2302=EDGE_LOOP('',(#626,#627,#628,#629));
#2303=EDGE_LOOP('',(#630));
#2304=EDGE_LOOP('',(#631));
#2305=EDGE_LOOP('',(#632,#633,#634,#635));
#2306=EDGE_LOOP('',(#636));
#2307=EDGE_LOOP('',(#637));
#2308=EDGE_LOOP('',(#638,#639,#640,#641));
#2309=EDGE_LOOP('',(#642));
#2310=EDGE_LOOP('',(#643));
#2311=EDGE_LOOP('',(#644));
#2312=EDGE_LOOP('',(#645));
#2313=EDGE_LOOP('',(#646));
#2314=EDGE_LOOP('',(#647));
#2315=EDGE_LOOP('',(#648));
#2316=EDGE_LOOP('',(#649));
#2317=EDGE_LOOP('',(#650));
#2318=EDGE_LOOP('',(#651));
#2319=EDGE_LOOP('',(#652));
#2320=EDGE_LOOP('',(#653));
#2321=EDGE_LOOP('',(#654,#655,#656,#657));
#2322=EDGE_LOOP('',(#658));
#2323=EDGE_LOOP('',(#659));
#2324=EDGE_LOOP('',(#660,#661,#662,#663,#664,#665));
#2325=EDGE_LOOP('',(#666,#667,#668,#669));
#2326=EDGE_LOOP('',(#670));
#2327=EDGE_LOOP('',(#671));
#2328=EDGE_LOOP('',(#672,#673,#674,#675,#676,#677));
#2329=EDGE_LOOP('',(#678));
#2330=EDGE_LOOP('',(#679));
#2331=EDGE_LOOP('',(#680,#681,#682,#683));
#2332=EDGE_LOOP('',(#684));
#2333=EDGE_LOOP('',(#685));
#2334=EDGE_LOOP('',(#686,#687,#688,#689));
#2335=EDGE_LOOP('',(#690));
#2336=EDGE_LOOP('',(#691));
#2337=EDGE_LOOP('',(#692,#693,#694,#695));
#2338=EDGE_LOOP('',(#696));
#2339=EDGE_LOOP('',(#697));
#2340=EDGE_LOOP('',(#698));
#2341=EDGE_LOOP('',(#699));
#2342=EDGE_LOOP('',(#700,#701,#702,#703));
#2343=EDGE_LOOP('',(#704));
#2344=EDGE_LOOP('',(#705));
#2345=EDGE_LOOP('',(#706));
#2346=EDGE_LOOP('',(#707,#708,#709));
#2347=EDGE_LOOP('',(#710));
#2348=EDGE_LOOP('',(#711,#712,#713));
#2349=EDGE_LOOP('',(#714));
#2350=EDGE_LOOP('',(#715,#716,#717));
#2351=EDGE_LOOP('',(#718,#719,#720,#721,#722,#723));
#2352=EDGE_LOOP('',(#724,#725,#726,#727,#728,#729));
#2353=EDGE_LOOP('',(#730,#731,#732,#733,#734,#735));
#2354=EDGE_LOOP('',(#736,#737,#738,#739,#740,#741));
#2355=EDGE_LOOP('',(#742));
#2356=EDGE_LOOP('',(#743));
#2357=EDGE_LOOP('',(#744));
#2358=EDGE_LOOP('',(#745));
#2359=EDGE_LOOP('',(#746));
#2360=EDGE_LOOP('',(#747));
#2361=EDGE_LOOP('',(#748));
#2362=EDGE_LOOP('',(#749));
#2363=EDGE_LOOP('',(#750,#751,#752,#753));
#2364=EDGE_LOOP('',(#754));
#2365=EDGE_LOOP('',(#755,#756,#757));
#2366=EDGE_LOOP('',(#758,#759));
#2367=EDGE_LOOP('',(#760,#761));
#2368=EDGE_LOOP('',(#762,#763));
#2369=EDGE_LOOP('',(#764));
#2370=EDGE_LOOP('',(#765,#766,#767,#768,#769,#770,#771,#772));
#2371=EDGE_LOOP('',(#773));
#2372=EDGE_LOOP('',(#774));
#2373=EDGE_LOOP('',(#775));
#2374=EDGE_LOOP('',(#776));
#2375=EDGE_LOOP('',(#777));
#2376=EDGE_LOOP('',(#778));
#2377=EDGE_LOOP('',(#779,#780));
#2378=EDGE_LOOP('',(#781));
#2379=EDGE_LOOP('',(#782));
#2380=EDGE_LOOP('',(#783));
#2381=EDGE_LOOP('',(#784));
#2382=EDGE_LOOP('',(#785));
#2383=EDGE_LOOP('',(#786));
#2384=EDGE_LOOP('',(#787));
#2385=EDGE_LOOP('',(#788));
#2386=EDGE_LOOP('',(#789));
#2387=EDGE_LOOP('',(#790));
#2388=EDGE_LOOP('',(#791));
#2389=EDGE_LOOP('',(#792));
#2390=EDGE_LOOP('',(#793));
#2391=EDGE_LOOP('',(#794));
#2392=EDGE_LOOP('',(#795));
#2393=EDGE_LOOP('',(#796));
#2394=EDGE_LOOP('',(#797));
#2395=EDGE_LOOP('',(#798));
#2396=EDGE_LOOP('',(#799));
#2397=EDGE_LOOP('',(#800,#801,#802));
#2398=EDGE_LOOP('',(#803,#804,#805));
#2399=EDGE_LOOP('',(#806));
#2400=EDGE_LOOP('',(#807,#808,#809,#810));
#2401=EDGE_LOOP('',(#811));
#2402=EDGE_LOOP('',(#812,#813,#814,#815,#816));
#2403=EDGE_LOOP('',(#817));
#2404=EDGE_LOOP('',(#818));
#2405=EDGE_LOOP('',(#819));
#2406=EDGE_LOOP('',(#820));
#2407=EDGE_LOOP('',(#821,#822,#823,#824,#825,#826,#827,#828));
#2408=EDGE_LOOP('',(#829,#830,#831,#832));
#2409=EDGE_LOOP('',(#833));
#2410=EDGE_LOOP('',(#834));
#2411=EDGE_LOOP('',(#835));
#2412=EDGE_LOOP('',(#836));
#2413=EDGE_LOOP('',(#837));
#2414=EDGE_LOOP('',(#838));
#2415=EDGE_LOOP('',(#839));
#2416=EDGE_LOOP('',(#840));
#2417=EDGE_LOOP('',(#841));
#2418=EDGE_LOOP('',(#842));
#2419=EDGE_LOOP('',(#843));
#2420=EDGE_LOOP('',(#844));
#2421=EDGE_LOOP('',(#845));
#2422=EDGE_LOOP('',(#846,#847,#848,#849,#850,#851,#852,#853,#854,#855,#856,
#857,#858));
#2423=EDGE_LOOP('',(#859));
#2424=EDGE_LOOP('',(#860));
#2425=EDGE_LOOP('',(#861,#862,#863,#864,#865,#866,#867,#868));
#2426=EDGE_LOOP('',(#869,#870,#871,#872));
#2427=EDGE_LOOP('',(#873,#874,#875,#876,#877,#878,#879,#880));
#2428=EDGE_LOOP('',(#881));
#2429=EDGE_LOOP('',(#882,#883,#884,#885,#886));
#2430=EDGE_LOOP('',(#887));
#2431=EDGE_LOOP('',(#888,#889,#890,#891,#892,#893));
#2432=EDGE_LOOP('',(#894));
#2433=EDGE_LOOP('',(#895,#896,#897,#898));
#2434=EDGE_LOOP('',(#899,#900,#901,#902));
#2435=EDGE_LOOP('',(#903,#904,#905,#906));
#2436=EDGE_LOOP('',(#907,#908,#909,#910));
#2437=EDGE_LOOP('',(#911,#912,#913,#914,#915,#916,#917,#918,#919,#920,#921,
#922,#923,#924,#925,#926,#927,#928));
#2438=EDGE_LOOP('',(#929));
#2439=EDGE_LOOP('',(#930));
#2440=EDGE_LOOP('',(#931));
#2441=EDGE_LOOP('',(#932));
#2442=EDGE_LOOP('',(#933));
#2443=EDGE_LOOP('',(#934));
#2444=EDGE_LOOP('',(#935));
#2445=EDGE_LOOP('',(#936));
#2446=EDGE_LOOP('',(#937));
#2447=EDGE_LOOP('',(#938));
#2448=EDGE_LOOP('',(#939));
#2449=EDGE_LOOP('',(#940));
#2450=EDGE_LOOP('',(#941,#942,#943,#944));
#2451=EDGE_LOOP('',(#945,#946,#947,#948));
#2452=EDGE_LOOP('',(#949));
#2453=EDGE_LOOP('',(#950));
#2454=EDGE_LOOP('',(#951));
#2455=EDGE_LOOP('',(#952));
#2456=EDGE_LOOP('',(#953,#954,#955,#956));
#2457=EDGE_LOOP('',(#957,#958,#959,#960));
#2458=EDGE_LOOP('',(#961,#962,#963,#964));
#2459=EDGE_LOOP('',(#965,#966,#967,#968));
#2460=EDGE_LOOP('',(#969,#970,#971,#972,#973,#974,#975,#976,#977,#978));
#2461=EDGE_LOOP('',(#979,#980,#981,#982));
#2462=EDGE_LOOP('',(#983,#984,#985,#986,#987,#988));
#2463=EDGE_LOOP('',(#989,#990,#991,#992,#993,#994));
#2464=EDGE_LOOP('',(#995));
#2465=EDGE_LOOP('',(#996));
#2466=EDGE_LOOP('',(#997));
#2467=EDGE_LOOP('',(#998));
#2468=EDGE_LOOP('',(#999));
#2469=EDGE_LOOP('',(#1000));
#2470=EDGE_LOOP('',(#1001));
#2471=EDGE_LOOP('',(#1002));
#2472=EDGE_LOOP('',(#1003));
#2473=EDGE_LOOP('',(#1004));
#2474=EDGE_LOOP('',(#1005));
#2475=EDGE_LOOP('',(#1006));
#2476=EDGE_LOOP('',(#1007));
#2477=EDGE_LOOP('',(#1008));
#2478=EDGE_LOOP('',(#1009));
#2479=EDGE_LOOP('',(#1010));
#2480=EDGE_LOOP('',(#1011));
#2481=EDGE_LOOP('',(#1012));
#2482=EDGE_LOOP('',(#1013));
#2483=EDGE_LOOP('',(#1014));
#2484=EDGE_LOOP('',(#1015));
#2485=EDGE_LOOP('',(#1016));
#2486=EDGE_LOOP('',(#1017));
#2487=EDGE_LOOP('',(#1018));
#2488=EDGE_LOOP('',(#1019));
#2489=EDGE_LOOP('',(#1020));
#2490=EDGE_LOOP('',(#1021));
#2491=EDGE_LOOP('',(#1022));
#2492=EDGE_LOOP('',(#1023,#1024,#1025,#1026));
#2493=EDGE_LOOP('',(#1027));
#2494=EDGE_LOOP('',(#1028));
#2495=EDGE_LOOP('',(#1029,#1030,#1031,#1032,#1033,#1034,#1035,#1036,#1037,
#1038,#1039,#1040,#1041,#1042));
#2496=EDGE_LOOP('',(#1043));
#2497=EDGE_LOOP('',(#1044));
#2498=EDGE_LOOP('',(#1045));
#2499=EDGE_LOOP('',(#1046));
#2500=EDGE_LOOP('',(#1047));
#2501=EDGE_LOOP('',(#1048));
#2502=EDGE_LOOP('',(#1049));
#2503=EDGE_LOOP('',(#1050));
#2504=EDGE_LOOP('',(#1051));
#2505=EDGE_LOOP('',(#1052));
#2506=EDGE_LOOP('',(#1053));
#2507=EDGE_LOOP('',(#1054));
#2508=EDGE_LOOP('',(#1055,#1056,#1057,#1058,#1059,#1060));
#2509=EDGE_LOOP('',(#1061,#1062,#1063));
#2510=EDGE_LOOP('',(#1064,#1065,#1066));
#2511=EDGE_LOOP('',(#1067));
#2512=EDGE_LOOP('',(#1068,#1069));
#2513=EDGE_LOOP('',(#1070));
#2514=EDGE_LOOP('',(#1071));
#2515=EDGE_LOOP('',(#1072,#1073));
#2516=EDGE_LOOP('',(#1074));
#2517=EDGE_LOOP('',(#1075));
#2518=EDGE_LOOP('',(#1076));
#2519=EDGE_LOOP('',(#1077));
#2520=EDGE_LOOP('',(#1078));
#2521=EDGE_LOOP('',(#1079));
#2522=EDGE_LOOP('',(#1080));
#2523=EDGE_LOOP('',(#1081));
#2524=EDGE_LOOP('',(#1082));
#2525=EDGE_LOOP('',(#1083));
#2526=EDGE_LOOP('',(#1084));
#2527=EDGE_LOOP('',(#1085));
#2528=EDGE_LOOP('',(#1086));
#2529=EDGE_LOOP('',(#1087));
#2530=EDGE_LOOP('',(#1088));
#2531=EDGE_LOOP('',(#1089));
#2532=EDGE_LOOP('',(#1090));
#2533=EDGE_LOOP('',(#1091));
#2534=EDGE_LOOP('',(#1092));
#2535=EDGE_LOOP('',(#1093));
#2536=EDGE_LOOP('',(#1094));
#2537=EDGE_LOOP('',(#1095));
#2538=EDGE_LOOP('',(#1096));
#2539=EDGE_LOOP('',(#1097));
#2540=EDGE_LOOP('',(#1098));
#2541=EDGE_LOOP('',(#1099));
#2542=EDGE_LOOP('',(#1100));
#2543=EDGE_LOOP('',(#1101));
#2544=EDGE_LOOP('',(#1102));
#2545=EDGE_LOOP('',(#1103));
#2546=EDGE_LOOP('',(#1104));
#2547=EDGE_LOOP('',(#1105));
#2548=EDGE_LOOP('',(#1106));
#2549=EDGE_LOOP('',(#1107));
#2550=EDGE_LOOP('',(#1108,#1109,#1110,#1111));
#2551=EDGE_LOOP('',(#1112,#1113,#1114,#1115));
#2552=EDGE_LOOP('',(#1116,#1117,#1118,#1119));
#2553=EDGE_LOOP('',(#1120,#1121,#1122,#1123));
#2554=EDGE_LOOP('',(#1124,#1125,#1126,#1127,#1128,#1129,#1130,#1131));
#2555=EDGE_LOOP('',(#1132,#1133,#1134,#1135));
#2556=EDGE_LOOP('',(#1136,#1137,#1138,#1139));
#2557=EDGE_LOOP('',(#1140,#1141,#1142,#1143,#1144,#1145,#1146,#1147,#1148,
#1149,#1150));
#2558=EDGE_LOOP('',(#1151));
#2559=EDGE_LOOP('',(#1152));
#2560=EDGE_LOOP('',(#1153));
#2561=EDGE_LOOP('',(#1154,#1155,#1156,#1157,#1158,#1159,#1160));
#2562=EDGE_LOOP('',(#1161));
#2563=EDGE_LOOP('',(#1162));
#2564=EDGE_LOOP('',(#1163,#1164,#1165,#1166));
#2565=EDGE_LOOP('',(#1167,#1168,#1169,#1170));
#2566=EDGE_LOOP('',(#1171,#1172,#1173,#1174));
#2567=EDGE_LOOP('',(#1175));
#2568=EDGE_LOOP('',(#1176,#1177,#1178,#1179));
#2569=EDGE_LOOP('',(#1180));
#2570=EDGE_LOOP('',(#1181));
#2571=EDGE_LOOP('',(#1182));
#2572=EDGE_LOOP('',(#1183,#1184,#1185,#1186,#1187,#1188,#1189,#1190,#1191,
#1192,#1193));
#2573=EDGE_LOOP('',(#1194,#1195,#1196,#1197));
#2574=EDGE_LOOP('',(#1198,#1199,#1200,#1201));
#2575=EDGE_LOOP('',(#1202,#1203,#1204,#1205));
#2576=EDGE_LOOP('',(#1206,#1207,#1208,#1209));
#2577=EDGE_LOOP('',(#1210,#1211,#1212,#1213,#1214,#1215,#1216,#1217));
#2578=EDGE_LOOP('',(#1218,#1219,#1220,#1221));
#2579=EDGE_LOOP('',(#1222,#1223,#1224,#1225));
#2580=EDGE_LOOP('',(#1226));
#2581=EDGE_LOOP('',(#1227));
#2582=EDGE_LOOP('',(#1228,#1229,#1230,#1231,#1232,#1233,#1234));
#2583=EDGE_LOOP('',(#1235));
#2584=EDGE_LOOP('',(#1236));
#2585=EDGE_LOOP('',(#1237,#1238,#1239,#1240));
#2586=EDGE_LOOP('',(#1241,#1242,#1243,#1244));
#2587=EDGE_LOOP('',(#1245,#1246,#1247,#1248));
#2588=EDGE_LOOP('',(#1249));
#2589=EDGE_LOOP('',(#1250,#1251,#1252,#1253));
#2590=EDGE_LOOP('',(#1254));
#2591=EDGE_LOOP('',(#1255));
#2592=EDGE_LOOP('',(#1256,#1257,#1258,#1259));
#2593=EDGE_LOOP('',(#1260));
#2594=EDGE_LOOP('',(#1261));
#2595=EDGE_LOOP('',(#1262));
#2596=EDGE_LOOP('',(#1263,#1264,#1265,#1266,#1267,#1268,#1269,#1270));
#2597=EDGE_LOOP('',(#1271,#1272,#1273,#1274));
#2598=EDGE_LOOP('',(#1275));
#2599=EDGE_LOOP('',(#1276,#1277,#1278,#1279,#1280,#1281));
#2600=EDGE_LOOP('',(#1282,#1283,#1284,#1285,#1286,#1287));
#2601=EDGE_LOOP('',(#1288,#1289,#1290,#1291));
#2602=EDGE_LOOP('',(#1292,#1293,#1294,#1295));
#2603=EDGE_LOOP('',(#1296,#1297,#1298,#1299));
#2604=EDGE_LOOP('',(#1300,#1301,#1302,#1303));
#2605=EDGE_LOOP('',(#1304,#1305,#1306,#1307,#1308,#1309,#1310,#1311));
#2606=EDGE_LOOP('',(#1312,#1313,#1314,#1315));
#2607=EDGE_LOOP('',(#1316,#1317,#1318,#1319));
#2608=EDGE_LOOP('',(#1320,#1321,#1322,#1323));
#2609=EDGE_LOOP('',(#1324,#1325,#1326,#1327));
#2610=EDGE_LOOP('',(#1328,#1329,#1330,#1331));
#2611=EDGE_LOOP('',(#1332,#1333,#1334,#1335));
#2612=EDGE_LOOP('',(#1336));
#2613=EDGE_LOOP('',(#1337));
#2614=EDGE_LOOP('',(#1338,#1339,#1340,#1341));
#2615=EDGE_LOOP('',(#1342));
#2616=EDGE_LOOP('',(#1343));
#2617=EDGE_LOOP('',(#1344,#1345,#1346,#1347));
#2618=EDGE_LOOP('',(#1348));
#2619=EDGE_LOOP('',(#1349));
#2620=EDGE_LOOP('',(#1350));
#2621=EDGE_LOOP('',(#1351));
#2622=EDGE_LOOP('',(#1352));
#2623=EDGE_LOOP('',(#1353));
#2624=EDGE_LOOP('',(#1354));
#2625=EDGE_LOOP('',(#1355));
#2626=EDGE_LOOP('',(#1356));
#2627=EDGE_LOOP('',(#1357));
#2628=EDGE_LOOP('',(#1358));
#2629=EDGE_LOOP('',(#1359));
#2630=EDGE_LOOP('',(#1360,#1361,#1362,#1363));
#2631=EDGE_LOOP('',(#1364));
#2632=EDGE_LOOP('',(#1365));
#2633=EDGE_LOOP('',(#1366,#1367,#1368,#1369));
#2634=EDGE_LOOP('',(#1370));
#2635=EDGE_LOOP('',(#1371));
#2636=EDGE_LOOP('',(#1372,#1373,#1374,#1375,#1376,#1377,#1378,#1379));
#2637=EDGE_LOOP('',(#1380,#1381,#1382,#1383,#1384,#1385));
#2638=EDGE_LOOP('',(#1386,#1387,#1388,#1389,#1390,#1391));
#2639=EDGE_LOOP('',(#1392,#1393,#1394,#1395));
#2640=EDGE_LOOP('',(#1396,#1397,#1398,#1399));
#2641=EDGE_LOOP('',(#1400,#1401,#1402,#1403));
#2642=EDGE_LOOP('',(#1404,#1405,#1406,#1407));
#2643=EDGE_LOOP('',(#1408,#1409,#1410,#1411,#1412,#1413,#1414,#1415));
#2644=EDGE_LOOP('',(#1416,#1417,#1418,#1419));
#2645=EDGE_LOOP('',(#1420,#1421,#1422,#1423));
#2646=FACE_BOUND('',#2299,.T.);
#2647=FACE_BOUND('',#2300,.T.);
#2648=FACE_BOUND('',#2301,.T.);
#2649=FACE_BOUND('',#2302,.T.);
#2650=FACE_BOUND('',#2303,.T.);
#2651=FACE_BOUND('',#2304,.T.);
#2652=FACE_BOUND('',#2305,.T.);
#2653=FACE_BOUND('',#2306,.T.);
#2654=FACE_BOUND('',#2307,.T.);
#2655=FACE_BOUND('',#2308,.T.);
#2656=FACE_BOUND('',#2309,.T.);
#2657=FACE_BOUND('',#2310,.T.);
#2658=FACE_BOUND('',#2311,.T.);
#2659=FACE_BOUND('',#2312,.T.);
#2660=FACE_BOUND('',#2313,.T.);
#2661=FACE_BOUND('',#2314,.T.);
#2662=FACE_BOUND('',#2315,.T.);
#2663=FACE_BOUND('',#2316,.T.);
#2664=FACE_BOUND('',#2317,.T.);
#2665=FACE_BOUND('',#2318,.T.);
#2666=FACE_BOUND('',#2319,.T.);
#2667=FACE_BOUND('',#2320,.T.);
#2668=FACE_BOUND('',#2321,.T.);
#2669=FACE_BOUND('',#2322,.T.);
#2670=FACE_BOUND('',#2323,.T.);
#2671=FACE_BOUND('',#2324,.T.);
#2672=FACE_BOUND('',#2325,.T.);
#2673=FACE_BOUND('',#2326,.T.);
#2674=FACE_BOUND('',#2327,.T.);
#2675=FACE_BOUND('',#2328,.T.);
#2676=FACE_BOUND('',#2329,.T.);
#2677=FACE_BOUND('',#2330,.T.);
#2678=FACE_BOUND('',#2331,.T.);
#2679=FACE_BOUND('',#2332,.T.);
#2680=FACE_BOUND('',#2333,.T.);
#2681=FACE_BOUND('',#2334,.T.);
#2682=FACE_BOUND('',#2335,.T.);
#2683=FACE_BOUND('',#2336,.T.);
#2684=FACE_BOUND('',#2337,.T.);
#2685=FACE_BOUND('',#2338,.T.);
#2686=FACE_BOUND('',#2339,.T.);
#2687=FACE_BOUND('',#2340,.T.);
#2688=FACE_BOUND('',#2341,.T.);
#2689=FACE_BOUND('',#2342,.T.);
#2690=FACE_BOUND('',#2343,.T.);
#2691=FACE_BOUND('',#2344,.T.);
#2692=FACE_BOUND('',#2345,.T.);
#2693=FACE_BOUND('',#2346,.T.);
#2694=FACE_BOUND('',#2347,.T.);
#2695=FACE_BOUND('',#2348,.T.);
#2696=FACE_BOUND('',#2349,.T.);
#2697=FACE_BOUND('',#2350,.T.);
#2698=FACE_BOUND('',#2351,.T.);
#2699=FACE_BOUND('',#2352,.T.);
#2700=FACE_BOUND('',#2353,.T.);
#2701=FACE_BOUND('',#2354,.T.);
#2702=FACE_BOUND('',#2355,.T.);
#2703=FACE_BOUND('',#2356,.T.);
#2704=FACE_BOUND('',#2357,.T.);
#2705=FACE_BOUND('',#2358,.T.);
#2706=FACE_BOUND('',#2359,.T.);
#2707=FACE_BOUND('',#2360,.T.);
#2708=FACE_BOUND('',#2361,.T.);
#2709=FACE_BOUND('',#2362,.T.);
#2710=FACE_BOUND('',#2363,.T.);
#2711=FACE_BOUND('',#2364,.T.);
#2712=FACE_BOUND('',#2365,.T.);
#2713=FACE_BOUND('',#2366,.T.);
#2714=FACE_BOUND('',#2367,.T.);
#2715=FACE_BOUND('',#2368,.T.);
#2716=FACE_BOUND('',#2369,.T.);
#2717=FACE_BOUND('',#2370,.T.);
#2718=FACE_BOUND('',#2371,.T.);
#2719=FACE_BOUND('',#2372,.T.);
#2720=FACE_BOUND('',#2373,.T.);
#2721=FACE_BOUND('',#2374,.T.);
#2722=FACE_BOUND('',#2375,.T.);
#2723=FACE_BOUND('',#2376,.T.);
#2724=FACE_BOUND('',#2377,.T.);
#2725=FACE_BOUND('',#2378,.T.);
#2726=FACE_BOUND('',#2379,.T.);
#2727=FACE_BOUND('',#2380,.T.);
#2728=FACE_BOUND('',#2381,.T.);
#2729=FACE_BOUND('',#2382,.T.);
#2730=FACE_BOUND('',#2383,.T.);
#2731=FACE_BOUND('',#2384,.T.);
#2732=FACE_BOUND('',#2385,.T.);
#2733=FACE_BOUND('',#2386,.T.);
#2734=FACE_BOUND('',#2387,.T.);
#2735=FACE_BOUND('',#2388,.T.);
#2736=FACE_BOUND('',#2389,.T.);
#2737=FACE_BOUND('',#2390,.T.);
#2738=FACE_BOUND('',#2391,.T.);
#2739=FACE_BOUND('',#2392,.T.);
#2740=FACE_BOUND('',#2393,.T.);
#2741=FACE_BOUND('',#2394,.T.);
#2742=FACE_BOUND('',#2395,.T.);
#2743=FACE_BOUND('',#2396,.T.);
#2744=FACE_BOUND('',#2397,.T.);
#2745=FACE_BOUND('',#2398,.T.);
#2746=FACE_BOUND('',#2399,.T.);
#2747=FACE_BOUND('',#2400,.T.);
#2748=FACE_BOUND('',#2401,.T.);
#2749=FACE_BOUND('',#2402,.T.);
#2750=FACE_BOUND('',#2403,.T.);
#2751=FACE_BOUND('',#2404,.T.);
#2752=FACE_BOUND('',#2405,.T.);
#2753=FACE_BOUND('',#2406,.T.);
#2754=FACE_BOUND('',#2407,.T.);
#2755=FACE_BOUND('',#2408,.T.);
#2756=FACE_BOUND('',#2409,.T.);
#2757=FACE_BOUND('',#2410,.T.);
#2758=FACE_BOUND('',#2411,.T.);
#2759=FACE_BOUND('',#2412,.T.);
#2760=FACE_BOUND('',#2413,.T.);
#2761=FACE_BOUND('',#2414,.T.);
#2762=FACE_BOUND('',#2415,.T.);
#2763=FACE_BOUND('',#2416,.T.);
#2764=FACE_BOUND('',#2417,.T.);
#2765=FACE_BOUND('',#2418,.T.);
#2766=FACE_BOUND('',#2419,.T.);
#2767=FACE_BOUND('',#2420,.T.);
#2768=FACE_BOUND('',#2421,.T.);
#2769=FACE_BOUND('',#2422,.T.);
#2770=FACE_BOUND('',#2423,.T.);
#2771=FACE_BOUND('',#2424,.T.);
#2772=FACE_BOUND('',#2425,.T.);
#2773=FACE_BOUND('',#2426,.T.);
#2774=FACE_BOUND('',#2427,.T.);
#2775=FACE_BOUND('',#2428,.T.);
#2776=FACE_BOUND('',#2429,.T.);
#2777=FACE_BOUND('',#2430,.T.);
#2778=FACE_BOUND('',#2431,.T.);
#2779=FACE_BOUND('',#2432,.T.);
#2780=FACE_BOUND('',#2433,.T.);
#2781=FACE_BOUND('',#2434,.T.);
#2782=FACE_BOUND('',#2435,.T.);
#2783=FACE_BOUND('',#2436,.T.);
#2784=FACE_BOUND('',#2437,.T.);
#2785=FACE_BOUND('',#2438,.T.);
#2786=FACE_BOUND('',#2439,.T.);
#2787=FACE_BOUND('',#2440,.T.);
#2788=FACE_BOUND('',#2441,.T.);
#2789=FACE_BOUND('',#2442,.T.);
#2790=FACE_BOUND('',#2443,.T.);
#2791=FACE_BOUND('',#2444,.T.);
#2792=FACE_BOUND('',#2445,.T.);
#2793=FACE_BOUND('',#2446,.T.);
#2794=FACE_BOUND('',#2447,.T.);
#2795=FACE_BOUND('',#2448,.T.);
#2796=FACE_BOUND('',#2449,.T.);
#2797=FACE_BOUND('',#2450,.T.);
#2798=FACE_BOUND('',#2451,.T.);
#2799=FACE_BOUND('',#2452,.T.);
#2800=FACE_BOUND('',#2453,.T.);
#2801=FACE_BOUND('',#2454,.T.);
#2802=FACE_BOUND('',#2455,.T.);
#2803=FACE_BOUND('',#2456,.T.);
#2804=FACE_BOUND('',#2457,.T.);
#2805=FACE_BOUND('',#2458,.T.);
#2806=FACE_BOUND('',#2459,.T.);
#2807=FACE_BOUND('',#2460,.T.);
#2808=FACE_BOUND('',#2461,.T.);
#2809=FACE_BOUND('',#2462,.T.);
#2810=FACE_BOUND('',#2463,.T.);
#2811=FACE_BOUND('',#2464,.T.);
#2812=FACE_BOUND('',#2465,.T.);
#2813=FACE_BOUND('',#2466,.T.);
#2814=FACE_BOUND('',#2467,.T.);
#2815=FACE_BOUND('',#2468,.T.);
#2816=FACE_BOUND('',#2469,.T.);
#2817=FACE_BOUND('',#2470,.T.);
#2818=FACE_BOUND('',#2471,.T.);
#2819=FACE_BOUND('',#2472,.T.);
#2820=FACE_BOUND('',#2473,.T.);
#2821=FACE_BOUND('',#2474,.T.);
#2822=FACE_BOUND('',#2475,.T.);
#2823=FACE_BOUND('',#2476,.T.);
#2824=FACE_BOUND('',#2477,.T.);
#2825=FACE_BOUND('',#2478,.T.);
#2826=FACE_BOUND('',#2479,.T.);
#2827=FACE_BOUND('',#2480,.T.);
#2828=FACE_BOUND('',#2481,.T.);
#2829=FACE_BOUND('',#2482,.T.);
#2830=FACE_BOUND('',#2483,.T.);
#2831=FACE_BOUND('',#2484,.T.);
#2832=FACE_BOUND('',#2485,.T.);
#2833=FACE_BOUND('',#2486,.T.);
#2834=FACE_BOUND('',#2487,.T.);
#2835=FACE_BOUND('',#2488,.T.);
#2836=FACE_BOUND('',#2489,.T.);
#2837=FACE_BOUND('',#2490,.T.);
#2838=FACE_BOUND('',#2491,.T.);
#2839=FACE_BOUND('',#2492,.T.);
#2840=FACE_BOUND('',#2493,.T.);
#2841=FACE_BOUND('',#2494,.T.);
#2842=FACE_BOUND('',#2495,.T.);
#2843=FACE_BOUND('',#2496,.T.);
#2844=FACE_BOUND('',#2497,.T.);
#2845=FACE_BOUND('',#2498,.T.);
#2846=FACE_BOUND('',#2499,.T.);
#2847=FACE_BOUND('',#2500,.T.);
#2848=FACE_BOUND('',#2501,.T.);
#2849=FACE_BOUND('',#2502,.T.);
#2850=FACE_BOUND('',#2503,.T.);
#2851=FACE_BOUND('',#2504,.T.);
#2852=FACE_BOUND('',#2505,.T.);
#2853=FACE_BOUND('',#2506,.T.);
#2854=FACE_BOUND('',#2507,.T.);
#2855=FACE_BOUND('',#2508,.T.);
#2856=FACE_BOUND('',#2509,.T.);
#2857=FACE_BOUND('',#2510,.T.);
#2858=FACE_BOUND('',#2511,.T.);
#2859=FACE_BOUND('',#2512,.T.);
#2860=FACE_BOUND('',#2513,.T.);
#2861=FACE_BOUND('',#2514,.T.);
#2862=FACE_BOUND('',#2515,.T.);
#2863=FACE_BOUND('',#2516,.T.);
#2864=FACE_BOUND('',#2517,.T.);
#2865=FACE_BOUND('',#2518,.T.);
#2866=FACE_BOUND('',#2519,.T.);
#2867=FACE_BOUND('',#2520,.T.);
#2868=FACE_BOUND('',#2521,.T.);
#2869=FACE_BOUND('',#2522,.T.);
#2870=FACE_BOUND('',#2523,.T.);
#2871=FACE_BOUND('',#2524,.T.);
#2872=FACE_BOUND('',#2525,.T.);
#2873=FACE_BOUND('',#2526,.T.);
#2874=FACE_BOUND('',#2527,.T.);
#2875=FACE_BOUND('',#2528,.T.);
#2876=FACE_BOUND('',#2529,.T.);
#2877=FACE_BOUND('',#2530,.T.);
#2878=FACE_BOUND('',#2531,.T.);
#2879=FACE_BOUND('',#2532,.T.);
#2880=FACE_BOUND('',#2533,.T.);
#2881=FACE_BOUND('',#2534,.T.);
#2882=FACE_BOUND('',#2535,.T.);
#2883=FACE_BOUND('',#2536,.T.);
#2884=FACE_BOUND('',#2537,.T.);
#2885=FACE_BOUND('',#2538,.T.);
#2886=FACE_BOUND('',#2539,.T.);
#2887=FACE_BOUND('',#2540,.T.);
#2888=FACE_BOUND('',#2541,.T.);
#2889=FACE_BOUND('',#2542,.T.);
#2890=FACE_BOUND('',#2543,.T.);
#2891=FACE_BOUND('',#2544,.T.);
#2892=FACE_BOUND('',#2545,.T.);
#2893=FACE_BOUND('',#2546,.T.);
#2894=FACE_BOUND('',#2547,.T.);
#2895=FACE_BOUND('',#2548,.T.);
#2896=FACE_BOUND('',#2549,.T.);
#2897=FACE_BOUND('',#2550,.T.);
#2898=FACE_BOUND('',#2551,.T.);
#2899=FACE_BOUND('',#2552,.T.);
#2900=FACE_BOUND('',#2553,.T.);
#2901=FACE_BOUND('',#2554,.T.);
#2902=FACE_BOUND('',#2555,.T.);
#2903=FACE_BOUND('',#2556,.T.);
#2904=FACE_BOUND('',#2557,.T.);
#2905=FACE_BOUND('',#2558,.T.);
#2906=FACE_BOUND('',#2559,.T.);
#2907=FACE_BOUND('',#2560,.T.);
#2908=FACE_BOUND('',#2561,.T.);
#2909=FACE_BOUND('',#2562,.T.);
#2910=FACE_BOUND('',#2563,.T.);
#2911=FACE_BOUND('',#2564,.T.);
#2912=FACE_BOUND('',#2565,.T.);
#2913=FACE_BOUND('',#2566,.T.);
#2914=FACE_BOUND('',#2567,.T.);
#2915=FACE_BOUND('',#2568,.T.);
#2916=FACE_BOUND('',#2569,.T.);
#2917=FACE_BOUND('',#2570,.T.);
#2918=FACE_BOUND('',#2571,.T.);
#2919=FACE_BOUND('',#2572,.T.);
#2920=FACE_BOUND('',#2573,.T.);
#2921=FACE_BOUND('',#2574,.T.);
#2922=FACE_BOUND('',#2575,.T.);
#2923=FACE_BOUND('',#2576,.T.);
#2924=FACE_BOUND('',#2577,.T.);
#2925=FACE_BOUND('',#2578,.T.);
#2926=FACE_BOUND('',#2579,.T.);
#2927=FACE_BOUND('',#2580,.T.);
#2928=FACE_BOUND('',#2581,.T.);
#2929=FACE_BOUND('',#2582,.T.);
#2930=FACE_BOUND('',#2583,.T.);
#2931=FACE_BOUND('',#2584,.T.);
#2932=FACE_BOUND('',#2585,.T.);
#2933=FACE_BOUND('',#2586,.T.);
#2934=FACE_BOUND('',#2587,.T.);
#2935=FACE_BOUND('',#2588,.T.);
#2936=FACE_BOUND('',#2589,.T.);
#2937=FACE_BOUND('',#2590,.T.);
#2938=FACE_BOUND('',#2591,.T.);
#2939=FACE_BOUND('',#2592,.T.);
#2940=FACE_BOUND('',#2593,.T.);
#2941=FACE_BOUND('',#2594,.T.);
#2942=FACE_BOUND('',#2595,.T.);
#2943=FACE_BOUND('',#2596,.T.);
#2944=FACE_BOUND('',#2597,.T.);
#2945=FACE_BOUND('',#2598,.T.);
#2946=FACE_BOUND('',#2599,.T.);
#2947=FACE_BOUND('',#2600,.T.);
#2948=FACE_BOUND('',#2601,.T.);
#2949=FACE_BOUND('',#2602,.T.);
#2950=FACE_BOUND('',#2603,.T.);
#2951=FACE_BOUND('',#2604,.T.);
#2952=FACE_BOUND('',#2605,.T.);
#2953=FACE_BOUND('',#2606,.T.);
#2954=FACE_BOUND('',#2607,.T.);
#2955=FACE_BOUND('',#2608,.T.);
#2956=FACE_BOUND('',#2609,.T.);
#2957=FACE_BOUND('',#2610,.T.);
#2958=FACE_BOUND('',#2611,.T.);
#2959=FACE_BOUND('',#2612,.T.);
#2960=FACE_BOUND('',#2613,.T.);
#2961=FACE_BOUND('',#2614,.T.);
#2962=FACE_BOUND('',#2615,.T.);
#2963=FACE_BOUND('',#2616,.T.);
#2964=FACE_BOUND('',#2617,.T.);
#2965=FACE_BOUND('',#2618,.T.);
#2966=FACE_BOUND('',#2619,.T.);
#2967=FACE_BOUND('',#2620,.T.);
#2968=FACE_BOUND('',#2621,.T.);
#2969=FACE_BOUND('',#2622,.T.);
#2970=FACE_BOUND('',#2623,.T.);
#2971=FACE_BOUND('',#2624,.T.);
#2972=FACE_BOUND('',#2625,.T.);
#2973=FACE_BOUND('',#2626,.T.);
#2974=FACE_BOUND('',#2627,.T.);
#2975=FACE_BOUND('',#2628,.T.);
#2976=FACE_BOUND('',#2629,.T.);
#2977=FACE_BOUND('',#2630,.T.);
#2978=FACE_BOUND('',#2631,.T.);
#2979=FACE_BOUND('',#2632,.T.);
#2980=FACE_BOUND('',#2633,.T.);
#2981=FACE_BOUND('',#2634,.T.);
#2982=FACE_BOUND('',#2635,.T.);
#2983=FACE_BOUND('',#2636,.T.);
#2984=FACE_BOUND('',#2637,.T.);
#2985=FACE_BOUND('',#2638,.T.);
#2986=FACE_BOUND('',#2639,.T.);
#2987=FACE_BOUND('',#2640,.T.);
#2988=FACE_BOUND('',#2641,.T.);
#2989=FACE_BOUND('',#2642,.T.);
#2990=FACE_BOUND('',#2643,.T.);
#2991=FACE_BOUND('',#2644,.T.);
#2992=FACE_BOUND('',#2645,.T.);
#2993=CYLINDRICAL_SURFACE('',#3374,0.008);
#2994=CYLINDRICAL_SURFACE('',#3378,0.008);
#2995=CYLINDRICAL_SURFACE('',#3388,0.00175);
#2996=CYLINDRICAL_SURFACE('',#3389,0.00175);
#2997=CYLINDRICAL_SURFACE('',#3393,0.0035);
#2998=CYLINDRICAL_SURFACE('',#3395,0.004);
#2999=CYLINDRICAL_SURFACE('',#3409,0.0014);
#3000=CYLINDRICAL_SURFACE('',#3412,0.0014);
#3001=CYLINDRICAL_SURFACE('',#3415,0.0205);
#3002=CYLINDRICAL_SURFACE('',#3416,0.0014);
#3003=CYLINDRICAL_SURFACE('',#3417,0.0014);
#3004=CYLINDRICAL_SURFACE('',#3451,0.0205);
#3005=CYLINDRICAL_SURFACE('',#3461,0.004);
#3006=CYLINDRICAL_SURFACE('',#3464,0.002);
#3007=CYLINDRICAL_SURFACE('',#3465,0.002);
#3008=CYLINDRICAL_SURFACE('',#3466,0.002);
#3009=CYLINDRICAL_SURFACE('',#3467,0.002);
#3010=CYLINDRICAL_SURFACE('',#3468,0.00175);
#3011=CYLINDRICAL_SURFACE('',#3469,0.00175);
#3012=CYLINDRICAL_SURFACE('',#3470,0.00175);
#3013=CYLINDRICAL_SURFACE('',#3471,0.00175);
#3014=CYLINDRICAL_SURFACE('',#3477,0.00125);
#3015=CYLINDRICAL_SURFACE('',#3483,0.005);
#3016=CYLINDRICAL_SURFACE('',#3486,0.005);
#3017=CYLINDRICAL_SURFACE('',#3490,0.00825);
#3018=CYLINDRICAL_SURFACE('',#3539,0.035);
#3019=CYLINDRICAL_SURFACE('',#3540,0.035);
#3020=CYLINDRICAL_SURFACE('',#3541,0.00175);
#3021=CYLINDRICAL_SURFACE('',#3542,0.00175);
#3022=CYLINDRICAL_SURFACE('',#3546,0.00825);
#3023=CYLINDRICAL_SURFACE('',#3552,0.0055);
#3024=CYLINDRICAL_SURFACE('',#3555,0.0055);
#3025=CYLINDRICAL_SURFACE('',#3558,0.00175);
#3026=CYLINDRICAL_SURFACE('',#3559,0.00175);
#3027=CYLINDRICAL_SURFACE('',#3560,0.00175);
#3028=CYLINDRICAL_SURFACE('',#3561,0.00175);
#3029=CYLINDRICAL_SURFACE('',#3562,0.00175);
#3030=CYLINDRICAL_SURFACE('',#3563,0.00175);
#3031=CYLINDRICAL_SURFACE('',#3564,0.00175);
#3032=CYLINDRICAL_SURFACE('',#3565,0.00175);
#3033=CYLINDRICAL_SURFACE('',#3566,0.00175);
#3034=CYLINDRICAL_SURFACE('',#3567,0.00175);
#3035=CYLINDRICAL_SURFACE('',#3576,0.0055);
#3036=CYLINDRICAL_SURFACE('',#3579,0.0055);
#3037=CYLINDRICAL_SURFACE('',#3582,0.001);
#3038=CYLINDRICAL_SURFACE('',#3583,0.001);
#3039=CYLINDRICAL_SURFACE('',#3584,0.0025);
#3040=CYLINDRICAL_SURFACE('',#3589,0.004);
#3041=CYLINDRICAL_SURFACE('',#3592,0.004);
#3042=CYLINDRICAL_SURFACE('',#3595,0.004);
#3043=CYLINDRICAL_SURFACE('',#3598,0.004);
#3044=CYLINDRICAL_SURFACE('',#3601,0.004);
#3045=CYLINDRICAL_SURFACE('',#3605,0.03);
#3046=CYLINDRICAL_SURFACE('',#3620,0.004);
#3047=CYLINDRICAL_SURFACE('',#3621,0.00175);
#3048=CYLINDRICAL_SURFACE('',#3622,0.00175);
#3049=CYLINDRICAL_SURFACE('',#3623,0.00175);
#3050=CYLINDRICAL_SURFACE('',#3624,0.00175);
#3051=CYLINDRICAL_SURFACE('',#3626,0.008);
#3052=CYLINDRICAL_SURFACE('',#3630,0.0065);
#3053=CYLINDRICAL_SURFACE('',#3642,0.00175);
#3054=CYLINDRICAL_SURFACE('',#3648,0.0014);
#3055=CYLINDRICAL_SURFACE('',#3654,0.008);
#3056=CYLINDRICAL_SURFACE('',#3657,0.0065);
#3057=CYLINDRICAL_SURFACE('',#3666,0.00175);
#3058=CYLINDRICAL_SURFACE('',#3672,0.0014);
#3059=CYLINDRICAL_SURFACE('',#3675,0.00175);
#3060=CYLINDRICAL_SURFACE('',#3686,0.15);
#3061=CYLINDRICAL_SURFACE('',#3690,0.1485);
#3062=CYLINDRICAL_SURFACE('',#3696,0.008);
#3063=CYLINDRICAL_SURFACE('',#3700,0.008);
#3064=CYLINDRICAL_SURFACE('',#3710,0.00175);
#3065=CYLINDRICAL_SURFACE('',#3711,0.00175);
#3066=CYLINDRICAL_SURFACE('',#3715,0.0035);
#3067=CYLINDRICAL_SURFACE('',#3719,0.004);
#3068=CYLINDRICAL_SURFACE('',#3722,0.00175);
#3069=CYLINDRICAL_SURFACE('',#3734,0.15);
#3070=CYLINDRICAL_SURFACE('',#3737,0.1485);
#3071=ADVANCED_FACE('',(#2646),#2993,.T.);
#3072=ADVANCED_FACE('',(#2647),#33,.T.);
#3073=ADVANCED_FACE('',(#2648),#2994,.T.);
#3074=ADVANCED_FACE('',(#2649),#34,.F.);
#3075=ADVANCED_FACE('',(#2650,#2651,#2652),#35,.T.);
#3076=ADVANCED_FACE('',(#2653,#2654,#2655),#36,.F.);
#3077=ADVANCED_FACE('',(#2656,#2657),#2995,.F.);
#3078=ADVANCED_FACE('',(#2658,#2659),#2996,.F.);
#3079=ADVANCED_FACE('',(#2660,#2661),#37,.T.);
#3080=ADVANCED_FACE('',(#2662,#2663),#2997,.T.);
#3081=ADVANCED_FACE('',(#2664,#2665),#2998,.T.);
#3082=ADVANCED_FACE('',(#2666,#2667),#38,.F.);
#3083=ADVANCED_FACE('',(#2668),#39,.T.);
#3084=ADVANCED_FACE('',(#2669,#2670,#2671),#40,.T.);
#3085=ADVANCED_FACE('',(#2672),#41,.F.);
#3086=ADVANCED_FACE('',(#2673,#2674,#2675),#42,.F.);
#3087=ADVANCED_FACE('',(#2676,#2677),#2999,.F.);
#3088=ADVANCED_FACE('',(#2678),#43,.T.);
#3089=ADVANCED_FACE('',(#2679,#2680),#3000,.F.);
#3090=ADVANCED_FACE('',(#2681),#44,.T.);
#3091=ADVANCED_FACE('',(#2682,#2683,#2684),#3001,.F.);
#3092=ADVANCED_FACE('',(#2685,#2686),#3002,.F.);
#3093=ADVANCED_FACE('',(#2687,#2688),#3003,.F.);
#3094=ADVANCED_FACE('',(#2689,#2690,#2691),#45,.F.);
#3095=ADVANCED_FACE('',(#2692,#2693),#46,.F.);
#3096=ADVANCED_FACE('',(#2694,#2695),#47,.F.);
#3097=ADVANCED_FACE('',(#2696,#2697),#48,.F.);
#3098=ADVANCED_FACE('',(#2698),#49,.T.);
#3099=ADVANCED_FACE('',(#2699),#50,.F.);
#3100=ADVANCED_FACE('',(#2700),#51,.F.);
#3101=ADVANCED_FACE('',(#2701),#52,.T.);
#3102=ADVANCED_FACE('',(#2702,#2703,#2704,#2705,#2706,#2707,#2708,#2709,
#2710),#53,.T.);
#3103=ADVANCED_FACE('',(#2711,#2712),#54,.F.);
#3104=ADVANCED_FACE('',(#2713),#55,.T.);
#3105=ADVANCED_FACE('',(#2714),#56,.T.);
#3106=ADVANCED_FACE('',(#2715),#57,.T.);
#3107=ADVANCED_FACE('',(#2716,#2717),#3004,.T.);
#3108=ADVANCED_FACE('',(#2718,#2719,#2720,#2721,#2722,#2723),#58,.F.);
#3109=ADVANCED_FACE('',(#2724),#59,.T.);
#3110=ADVANCED_FACE('',(#2725,#2726),#3005,.F.);
#3111=ADVANCED_FACE('',(#2727),#60,.T.);
#3112=ADVANCED_FACE('',(#2728,#2729),#3006,.F.);
#3113=ADVANCED_FACE('',(#2730,#2731),#3007,.F.);
#3114=ADVANCED_FACE('',(#2732,#2733),#3008,.F.);
#3115=ADVANCED_FACE('',(#2734,#2735),#3009,.F.);
#3116=ADVANCED_FACE('',(#2736,#2737),#3010,.F.);
#3117=ADVANCED_FACE('',(#2738,#2739),#3011,.F.);
#3118=ADVANCED_FACE('',(#2740,#2741),#3012,.F.);
#3119=ADVANCED_FACE('',(#2742,#2743),#3013,.F.);
#3120=ADVANCED_FACE('',(#2744),#61,.T.);
#3121=ADVANCED_FACE('',(#2745),#62,.T.);
#3122=ADVANCED_FACE('',(#2746,#2747),#3014,.F.);
#3123=ADVANCED_FACE('',(#2748,#2749),#63,.F.);
#3124=ADVANCED_FACE('',(#2750,#2751),#3015,.F.);
#3125=ADVANCED_FACE('',(#2752,#2753),#3016,.F.);
#3126=ADVANCED_FACE('',(#2754),#64,.T.);
#3127=ADVANCED_FACE('',(#2755),#3017,.F.);
#3128=ADVANCED_FACE('',(#2756,#2757,#2758,#2759,#2760,#2761,#2762,#2763,
#2764,#2765,#2766,#2767,#2768,#2769,#2770,#2771),#65,.F.);
#3129=ADVANCED_FACE('',(#2772),#66,.F.);
#3130=ADVANCED_FACE('',(#2773),#67,.F.);
#3131=ADVANCED_FACE('',(#2774),#68,.T.);
#3132=ADVANCED_FACE('',(#2775,#2776),#69,.T.);
#3133=ADVANCED_FACE('',(#2777,#2778),#70,.T.);
#3134=ADVANCED_FACE('',(#2779,#2780),#71,.T.);
#3135=ADVANCED_FACE('',(#2781),#72,.T.);
#3136=ADVANCED_FACE('',(#2782),#73,.F.);
#3137=ADVANCED_FACE('',(#2783),#74,.T.);
#3138=ADVANCED_FACE('',(#2784,#2785,#2786,#2787,#2788,#2789,#2790,#2791,
#2792,#2793,#2794,#2795,#2796),#75,.F.);
#3139=ADVANCED_FACE('',(#2797),#3018,.F.);
#3140=ADVANCED_FACE('',(#2798),#3019,.F.);
#3141=ADVANCED_FACE('',(#2799,#2800),#3020,.F.);
#3142=ADVANCED_FACE('',(#2801,#2802),#3021,.F.);
#3143=ADVANCED_FACE('',(#2803),#76,.T.);
#3144=ADVANCED_FACE('',(#2804),#77,.F.);
#3145=ADVANCED_FACE('',(#2805),#78,.T.);
#3146=ADVANCED_FACE('',(#2806),#3022,.F.);
#3147=ADVANCED_FACE('',(#2807),#79,.T.);
#3148=ADVANCED_FACE('',(#2808),#80,.T.);
#3149=ADVANCED_FACE('',(#2809),#81,.F.);
#3150=ADVANCED_FACE('',(#2810),#82,.F.);
#3151=ADVANCED_FACE('',(#2811,#2812),#3023,.F.);
#3152=ADVANCED_FACE('',(#2813,#2814),#83,.T.);
#3153=ADVANCED_FACE('',(#2815,#2816),#3024,.F.);
#3154=ADVANCED_FACE('',(#2817,#2818),#84,.T.);
#3155=ADVANCED_FACE('',(#2819,#2820),#3025,.F.);
#3156=ADVANCED_FACE('',(#2821,#2822),#3026,.F.);
#3157=ADVANCED_FACE('',(#2823,#2824),#3027,.F.);
#3158=ADVANCED_FACE('',(#2825,#2826),#3028,.F.);
#3159=ADVANCED_FACE('',(#2827,#2828),#3029,.F.);
#3160=ADVANCED_FACE('',(#2829,#2830),#3030,.F.);
#3161=ADVANCED_FACE('',(#2831,#2832),#3031,.F.);
#3162=ADVANCED_FACE('',(#2833,#2834),#3032,.F.);
#3163=ADVANCED_FACE('',(#2835,#2836),#3033,.F.);
#3164=ADVANCED_FACE('',(#2837,#2838),#3034,.F.);
#3165=ADVANCED_FACE('',(#2839),#85,.F.);
#3166=ADVANCED_FACE('',(#2840,#2841,#2842),#86,.T.);
#3167=ADVANCED_FACE('',(#2843,#2844),#3035,.F.);
#3168=ADVANCED_FACE('',(#2845,#2846),#87,.T.);
#3169=ADVANCED_FACE('',(#2847,#2848),#3036,.F.);
#3170=ADVANCED_FACE('',(#2849,#2850),#88,.T.);
#3171=ADVANCED_FACE('',(#2851,#2852),#3037,.F.);
#3172=ADVANCED_FACE('',(#2853,#2854),#3038,.F.);
#3173=ADVANCED_FACE('',(#2855),#3039,.F.);
#3174=ADVANCED_FACE('',(#2856),#89,.T.);
#3175=ADVANCED_FACE('',(#2857),#90,.T.);
#3176=ADVANCED_FACE('',(#2858,#2859),#3040,.T.);
#3177=ADVANCED_FACE('',(#2860),#91,.T.);
#3178=ADVANCED_FACE('',(#2861,#2862),#3041,.T.);
#3179=ADVANCED_FACE('',(#2863),#92,.T.);
#3180=ADVANCED_FACE('',(#2864,#2865),#3042,.T.);
#3181=ADVANCED_FACE('',(#2866),#93,.T.);
#3182=ADVANCED_FACE('',(#2867,#2868),#3043,.T.);
#3183=ADVANCED_FACE('',(#2869),#94,.T.);
#3184=ADVANCED_FACE('',(#2870,#2871),#3044,.T.);
#3185=ADVANCED_FACE('',(#2872),#95,.T.);
#3186=ADVANCED_FACE('',(#2873,#2874),#3045,.T.);
#3187=ADVANCED_FACE('',(#2875,#2876,#2877,#2878,#2879,#2880),#96,.T.);
#3188=ADVANCED_FACE('',(#2881,#2882,#2883,#2884,#2885,#2886),#97,.F.);
#3189=ADVANCED_FACE('',(#2887,#2888),#3046,.F.);
#3190=ADVANCED_FACE('',(#2889,#2890),#3047,.F.);
#3191=ADVANCED_FACE('',(#2891,#2892),#3048,.F.);
#3192=ADVANCED_FACE('',(#2893,#2894),#3049,.F.);
#3193=ADVANCED_FACE('',(#2895,#2896),#3050,.F.);
#3194=ADVANCED_FACE('',(#2897),#3051,.T.);
#3195=ADVANCED_FACE('',(#2898),#98,.T.);
#3196=ADVANCED_FACE('',(#2899),#3052,.T.);
#3197=ADVANCED_FACE('',(#2900),#99,.T.);
#3198=ADVANCED_FACE('',(#2901),#100,.F.);
#3199=ADVANCED_FACE('',(#2902),#101,.F.);
#3200=ADVANCED_FACE('',(#2903),#102,.T.);
#3201=ADVANCED_FACE('',(#2904,#2905),#103,.T.);
#3202=ADVANCED_FACE('',(#2906,#2907,#2908),#104,.F.);
#3203=ADVANCED_FACE('',(#2909,#2910),#3053,.F.);
#3204=ADVANCED_FACE('',(#2911),#105,.F.);
#3205=ADVANCED_FACE('',(#2912),#106,.F.);
#3206=ADVANCED_FACE('',(#2913),#107,.F.);
#3207=ADVANCED_FACE('',(#2914,#2915),#108,.T.);
#3208=ADVANCED_FACE('',(#2916,#2917),#3054,.F.);
#3209=ADVANCED_FACE('',(#2918,#2919),#109,.T.);
#3210=ADVANCED_FACE('',(#2920),#3055,.T.);
#3211=ADVANCED_FACE('',(#2921),#110,.T.);
#3212=ADVANCED_FACE('',(#2922),#3056,.T.);
#3213=ADVANCED_FACE('',(#2923),#111,.T.);
#3214=ADVANCED_FACE('',(#2924),#112,.F.);
#3215=ADVANCED_FACE('',(#2925),#113,.F.);
#3216=ADVANCED_FACE('',(#2926),#114,.T.);
#3217=ADVANCED_FACE('',(#2927,#2928,#2929),#115,.F.);
#3218=ADVANCED_FACE('',(#2930,#2931),#3057,.F.);
#3219=ADVANCED_FACE('',(#2932),#116,.T.);
#3220=ADVANCED_FACE('',(#2933),#117,.T.);
#3221=ADVANCED_FACE('',(#2934),#118,.T.);
#3222=ADVANCED_FACE('',(#2935,#2936),#119,.T.);
#3223=ADVANCED_FACE('',(#2937,#2938),#3058,.F.);
#3224=ADVANCED_FACE('',(#2939),#120,.T.);
#3225=ADVANCED_FACE('',(#2940,#2941),#3059,.F.);
#3226=ADVANCED_FACE('',(#2942,#2943),#121,.T.);
#3227=ADVANCED_FACE('',(#2944,#2945),#122,.T.);
#3228=ADVANCED_FACE('',(#2946),#123,.T.);
#3229=ADVANCED_FACE('',(#2947),#124,.T.);
#3230=ADVANCED_FACE('',(#2948),#125,.T.);
#3231=ADVANCED_FACE('',(#2949),#126,.T.);
#3232=ADVANCED_FACE('',(#2950),#3060,.T.);
#3233=ADVANCED_FACE('',(#2951),#127,.F.);
#3234=ADVANCED_FACE('',(#2952),#3061,.F.);
#3235=ADVANCED_FACE('',(#2953),#128,.T.);
#3236=ADVANCED_FACE('',(#2954),#129,.F.);
#3237=ADVANCED_FACE('',(#2955),#3062,.T.);
#3238=ADVANCED_FACE('',(#2956),#130,.T.);
#3239=ADVANCED_FACE('',(#2957),#3063,.T.);
#3240=ADVANCED_FACE('',(#2958),#131,.F.);
#3241=ADVANCED_FACE('',(#2959,#2960,#2961),#132,.T.);
#3242=ADVANCED_FACE('',(#2962,#2963,#2964),#133,.F.);
#3243=ADVANCED_FACE('',(#2965,#2966),#3064,.F.);
#3244=ADVANCED_FACE('',(#2967,#2968),#3065,.F.);
#3245=ADVANCED_FACE('',(#2969,#2970),#134,.T.);
#3246=ADVANCED_FACE('',(#2971,#2972),#3066,.T.);
#3247=ADVANCED_FACE('',(#2973,#2974),#135,.F.);
#3248=ADVANCED_FACE('',(#2975,#2976),#3067,.T.);
#3249=ADVANCED_FACE('',(#2977),#136,.T.);
#3250=ADVANCED_FACE('',(#2978,#2979),#3068,.F.);
#3251=ADVANCED_FACE('',(#2980,#2981),#137,.T.);
#3252=ADVANCED_FACE('',(#2982,#2983),#138,.F.);
#3253=ADVANCED_FACE('',(#2984),#139,.T.);
#3254=ADVANCED_FACE('',(#2985),#140,.T.);
#3255=ADVANCED_FACE('',(#2986),#141,.T.);
#3256=ADVANCED_FACE('',(#2987),#142,.T.);
#3257=ADVANCED_FACE('',(#2988),#143,.T.);
#3258=ADVANCED_FACE('',(#2989),#3069,.T.);
#3259=ADVANCED_FACE('',(#2990),#3070,.F.);
#3260=ADVANCED_FACE('',(#2991),#144,.T.);
#3261=ADVANCED_FACE('',(#2992),#145,.F.);
#3262=CLOSED_SHELL('',(#3071,#3072,#3073,#3074,#3075,#3076,#3077,#3078,
#3079,#3080,#3081,#3082));
#3263=CLOSED_SHELL('',(#3083,#3084,#3085,#3086,#3087,#3088,#3089,#3090,
#3091,#3092,#3093,#3094));
#3264=CLOSED_SHELL('',(#3095,#3096,#3097,#3098,#3099,#3100,#3101,#3102,
#3103,#3104,#3105,#3106,#3107,#3108,#3109,#3110,#3111,#3112,#3113,#3114,
#3115,#3116,#3117,#3118,#3119));
#3265=CLOSED_SHELL('',(#3120,#3121,#3122,#3123,#3124,#3125,#3126,#3127,
#3128,#3129,#3130,#3131,#3132,#3133,#3134,#3135,#3136,#3137,#3138,#3139,
#3140,#3141,#3142,#3143,#3144,#3145,#3146,#3147,#3148,#3149,#3150,#3151,
#3152,#3153,#3154,#3155,#3156,#3157,#3158,#3159,#3160,#3161,#3162,#3163,
#3164,#3165,#3166,#3167,#3168,#3169,#3170,#3171,#3172,#3173,#3174,#3175,
#3176,#3177,#3178,#3179,#3180,#3181,#3182,#3183,#3184,#3185));
#3266=CLOSED_SHELL('',(#3186,#3187,#3188,#3189,#3190,#3191,#3192,#3193));
#3267=CLOSED_SHELL('',(#3194,#3195,#3196,#3197,#3198,#3199,#3200,#3201,
#3202,#3203,#3204,#3205,#3206,#3207,#3208));
#3268=CLOSED_SHELL('',(#3209,#3210,#3211,#3212,#3213,#3214,#3215,#3216,
#3217,#3218,#3219,#3220,#3221,#3222,#3223));
#3269=CLOSED_SHELL('',(#3224,#3225,#3226,#3227,#3228,#3229,#3230,#3231,
#3232,#3233,#3234,#3235,#3236));
#3270=CLOSED_SHELL('',(#3237,#3238,#3239,#3240,#3241,#3242,#3243,#3244,
#3245,#3246,#3247,#3248));
#3271=CLOSED_SHELL('',(#3249,#3250,#3251,#3252,#3253,#3254,#3255,#3256,
#3257,#3258,#3259,#3260,#3261));
#3272=STYLED_ITEM('',(#3282),#3343);
#3273=STYLED_ITEM('',(#3283),#3344);
#3274=STYLED_ITEM('',(#3284),#3345);
#3275=STYLED_ITEM('',(#3285),#3346);
#3276=STYLED_ITEM('',(#3286),#3347);
#3277=STYLED_ITEM('',(#3287),#3348);
#3278=STYLED_ITEM('',(#3288),#3349);
#3279=STYLED_ITEM('',(#3289),#3350);
#3280=STYLED_ITEM('',(#3290),#3351);
#3281=STYLED_ITEM('',(#3291),#3352);
#3282=PRESENTATION_STYLE_ASSIGNMENT((#3292));
#3283=PRESENTATION_STYLE_ASSIGNMENT((#3293));
#3284=PRESENTATION_STYLE_ASSIGNMENT((#3294));
#3285=PRESENTATION_STYLE_ASSIGNMENT((#3295));
#3286=PRESENTATION_STYLE_ASSIGNMENT((#3296));
#3287=PRESENTATION_STYLE_ASSIGNMENT((#3297));
#3288=PRESENTATION_STYLE_ASSIGNMENT((#3298));
#3289=PRESENTATION_STYLE_ASSIGNMENT((#3299));
#3290=PRESENTATION_STYLE_ASSIGNMENT((#3300));
#3291=PRESENTATION_STYLE_ASSIGNMENT((#3301));
#3292=SURFACE_STYLE_USAGE(.BOTH.,#3302);
#3293=SURFACE_STYLE_USAGE(.BOTH.,#3303);
#3294=SURFACE_STYLE_USAGE(.BOTH.,#3304);
#3295=SURFACE_STYLE_USAGE(.BOTH.,#3305);
#3296=SURFACE_STYLE_USAGE(.BOTH.,#3306);
#3297=SURFACE_STYLE_USAGE(.BOTH.,#3307);
#3298=SURFACE_STYLE_USAGE(.BOTH.,#3308);
#3299=SURFACE_STYLE_USAGE(.BOTH.,#3309);
#3300=SURFACE_STYLE_USAGE(.BOTH.,#3310);
#3301=SURFACE_STYLE_USAGE(.BOTH.,#3311);
#3302=SURFACE_SIDE_STYLE('',(#3312));
#3303=SURFACE_SIDE_STYLE('',(#3313));
#3304=SURFACE_SIDE_STYLE('',(#3314));
#3305=SURFACE_SIDE_STYLE('',(#3315));
#3306=SURFACE_SIDE_STYLE('',(#3316));
#3307=SURFACE_SIDE_STYLE('',(#3317));
#3308=SURFACE_SIDE_STYLE('',(#3318));
#3309=SURFACE_SIDE_STYLE('',(#3319));
#3310=SURFACE_SIDE_STYLE('',(#3320));
#3311=SURFACE_SIDE_STYLE('',(#3321));
#3312=SURFACE_STYLE_FILL_AREA(#3322);
#3313=SURFACE_STYLE_FILL_AREA(#3323);
#3314=SURFACE_STYLE_FILL_AREA(#3324);
#3315=SURFACE_STYLE_FILL_AREA(#3325);
#3316=SURFACE_STYLE_FILL_AREA(#3326);
#3317=SURFACE_STYLE_FILL_AREA(#3327);
#3318=SURFACE_STYLE_FILL_AREA(#3328);
#3319=SURFACE_STYLE_FILL_AREA(#3329);
#3320=SURFACE_STYLE_FILL_AREA(#3330);
#3321=SURFACE_STYLE_FILL_AREA(#3331);
#3322=FILL_AREA_STYLE('',(#3332));
#3323=FILL_AREA_STYLE('',(#3333));
#3324=FILL_AREA_STYLE('',(#3334));
#3325=FILL_AREA_STYLE('',(#3335));
#3326=FILL_AREA_STYLE('',(#3336));
#3327=FILL_AREA_STYLE('',(#3337));
#3328=FILL_AREA_STYLE('',(#3338));
#3329=FILL_AREA_STYLE('',(#3339));
#3330=FILL_AREA_STYLE('',(#3340));
#3331=FILL_AREA_STYLE('',(#3341));
#3332=FILL_AREA_STYLE_COLOUR('',#3342);
#3333=FILL_AREA_STYLE_COLOUR('',#3342);
#3334=FILL_AREA_STYLE_COLOUR('',#3342);
#3335=FILL_AREA_STYLE_COLOUR('',#3342);
#3336=FILL_AREA_STYLE_COLOUR('',#3342);
#3337=FILL_AREA_STYLE_COLOUR('',#3342);
#3338=FILL_AREA_STYLE_COLOUR('',#3342);
#3339=FILL_AREA_STYLE_COLOUR('',#3342);
#3340=FILL_AREA_STYLE_COLOUR('',#3342);
#3341=FILL_AREA_STYLE_COLOUR('',#3342);
#3342=COLOUR_RGB('',0.647058823529412,0.647058823529412,0.647058823529412);
#3343=MANIFOLD_SOLID_BREP('Part 1',#3262);
#3344=MANIFOLD_SOLID_BREP('Part 5',#3263);
#3345=MANIFOLD_SOLID_BREP('Part 6',#3264);
#3346=MANIFOLD_SOLID_BREP('Part 8',#3265);
#3347=MANIFOLD_SOLID_BREP('Part 7',#3266);
#3348=MANIFOLD_SOLID_BREP('Part 2',#3267);
#3349=MANIFOLD_SOLID_BREP('Part 4',#3268);
#3350=MANIFOLD_SOLID_BREP('Part 10',#3269);
#3351=MANIFOLD_SOLID_BREP('Part 3',#3270);
#3352=MANIFOLD_SOLID_BREP('Part 9',#3271);
#3353=SHAPE_DEFINITION_REPRESENTATION(#5712,#3363);
#3354=SHAPE_DEFINITION_REPRESENTATION(#5713,#3364);
#3355=SHAPE_DEFINITION_REPRESENTATION(#5714,#3365);
#3356=SHAPE_DEFINITION_REPRESENTATION(#5715,#3366);
#3357=SHAPE_DEFINITION_REPRESENTATION(#5716,#3367);
#3358=SHAPE_DEFINITION_REPRESENTATION(#5717,#3368);
#3359=SHAPE_DEFINITION_REPRESENTATION(#5718,#3369);
#3360=SHAPE_DEFINITION_REPRESENTATION(#5719,#3370);
#3361=SHAPE_DEFINITION_REPRESENTATION(#5720,#3371);
#3362=SHAPE_DEFINITION_REPRESENTATION(#5721,#3372);
#3363=SHAPE_REPRESENTATION('Part 1',(#3373),#5662);
#3364=SHAPE_REPRESENTATION('Part 5',(#3398),#5663);
#3365=SHAPE_REPRESENTATION('Part 6',(#3419),#5664);
#3366=SHAPE_REPRESENTATION('Part 8',(#3472),#5665);
#3367=SHAPE_REPRESENTATION('Part 7',(#3604),#5666);
#3368=SHAPE_REPRESENTATION('Part 2',(#3625),#5667);
#3369=SHAPE_REPRESENTATION('Part 4',(#3649),#5668);
#3370=SHAPE_REPRESENTATION('Part 10',(#3673),#5669);
#3371=SHAPE_REPRESENTATION('Part 3',(#3695),#5670);
#3372=SHAPE_REPRESENTATION('Part 9',(#3720),#5671);
#3373=AXIS2_PLACEMENT_3D('',#4714,#3742,#3743);
#3374=AXIS2_PLACEMENT_3D('',#4715,#3744,#3745);
#3375=AXIS2_PLACEMENT_3D('',#4716,#3746,#3747);
#3376=AXIS2_PLACEMENT_3D('',#4721,#3749,#3750);
#3377=AXIS2_PLACEMENT_3D('',#4724,#3752,#3753);
#3378=AXIS2_PLACEMENT_3D('',#4730,#3757,#3758);
#3379=AXIS2_PLACEMENT_3D('',#4731,#3759,#3760);
#3380=AXIS2_PLACEMENT_3D('',#4735,#3762,#3763);
#3381=AXIS2_PLACEMENT_3D('',#4736,#3764,#3765);
#3382=AXIS2_PLACEMENT_3D('',#4739,#3768,#3769);
#3383=AXIS2_PLACEMENT_3D('',#4740,#3770,#3771);
#3384=AXIS2_PLACEMENT_3D('',#4742,#3772,#3773);
#3385=AXIS2_PLACEMENT_3D('',#4744,#3774,#3775);
#3386=AXIS2_PLACEMENT_3D('',#4745,#3776,#3777);
#3387=AXIS2_PLACEMENT_3D('',#4747,#3778,#3779);
#3388=AXIS2_PLACEMENT_3D('',#4749,#3780,#3781);
#3389=AXIS2_PLACEMENT_3D('',#4750,#3782,#3783);
#3390=AXIS2_PLACEMENT_3D('',#4751,#3784,#3785);
#3391=AXIS2_PLACEMENT_3D('',#4753,#3786,#3787);
#3392=AXIS2_PLACEMENT_3D('',#4754,#3788,#3789);
#3393=AXIS2_PLACEMENT_3D('',#4756,#3790,#3791);
#3394=AXIS2_PLACEMENT_3D('',#4757,#3792,#3793);
#3395=AXIS2_PLACEMENT_3D('',#4759,#3794,#3795);
#3396=AXIS2_PLACEMENT_3D('',#4760,#3796,#3797);
#3397=AXIS2_PLACEMENT_3D('',#4762,#3798,#3799);
#3398=AXIS2_PLACEMENT_3D('',#4763,#3800,#3801);
#3399=AXIS2_PLACEMENT_3D('',#4764,#3802,#3803);
#3400=AXIS2_PLACEMENT_3D('',#4773,#3808,#3809);
#3401=AXIS2_PLACEMENT_3D('',#4774,#3810,#3811);
#3402=AXIS2_PLACEMENT_3D('',#4776,#3812,#3813);
#3403=AXIS2_PLACEMENT_3D('',#4778,#3814,#3815);
#3404=AXIS2_PLACEMENT_3D('',#4787,#3820,#3821);
#3405=AXIS2_PLACEMENT_3D('',#4791,#3824,#3825);
#3406=AXIS2_PLACEMENT_3D('',#4792,#3826,#3827);
#3407=AXIS2_PLACEMENT_3D('',#4794,#3828,#3829);
#3408=AXIS2_PLACEMENT_3D('',#4799,#3831,#3832);
#3409=AXIS2_PLACEMENT_3D('',#4803,#3835,#3836);
#3410=AXIS2_PLACEMENT_3D('',#4818,#3837,#3838);
#3411=AXIS2_PLACEMENT_3D('',#4820,#3839,#3840);
#3412=AXIS2_PLACEMENT_3D('',#4823,#3843,#3844);
#3413=AXIS2_PLACEMENT_3D('',#4838,#3845,#3846);
#3414=AXIS2_PLACEMENT_3D('',#4840,#3847,#3848);
#3415=AXIS2_PLACEMENT_3D('',#4842,#3850,#3851);
#3416=AXIS2_PLACEMENT_3D('',#4843,#3852,#3853);
#3417=AXIS2_PLACEMENT_3D('',#4844,#3854,#3855);
#3418=AXIS2_PLACEMENT_3D('',#4845,#3856,#3857);
#3419=AXIS2_PLACEMENT_3D('',#4846,#3858,#3859);
#3420=AXIS2_PLACEMENT_3D('',#4847,#3860,#3861);
#3421=AXIS2_PLACEMENT_3D('',#4848,#3862,#3863);
#3422=AXIS2_PLACEMENT_3D('',#4853,#3865,#3866);
#3423=AXIS2_PLACEMENT_3D('',#4856,#3868,#3869);
#3424=AXIS2_PLACEMENT_3D('',#4857,#3870,#3871);
#3425=AXIS2_PLACEMENT_3D('',#4862,#3873,#3874);
#3426=AXIS2_PLACEMENT_3D('',#4865,#3876,#3877);
#3427=AXIS2_PLACEMENT_3D('',#4866,#3878,#3879);
#3428=AXIS2_PLACEMENT_3D('',#4871,#3881,#3882);
#3429=AXIS2_PLACEMENT_3D('',#4874,#3884,#3885);
#3430=AXIS2_PLACEMENT_3D('',#4881,#3890,#3891);
#3431=AXIS2_PLACEMENT_3D('',#4886,#3895,#3896);
#3432=AXIS2_PLACEMENT_3D('',#4894,#3901,#3902);
#3433=AXIS2_PLACEMENT_3D('',#4899,#3906,#3907);
#3434=AXIS2_PLACEMENT_3D('',#4900,#3908,#3909);
#3435=AXIS2_PLACEMENT_3D('',#4902,#3910,#3911);
#3436=AXIS2_PLACEMENT_3D('',#4904,#3912,#3913);
#3437=AXIS2_PLACEMENT_3D('',#4906,#3914,#3915);
#3438=AXIS2_PLACEMENT_3D('',#4908,#3916,#3917);
#3439=AXIS2_PLACEMENT_3D('',#4910,#3918,#3919);
#3440=AXIS2_PLACEMENT_3D('',#4912,#3920,#3921);
#3441=AXIS2_PLACEMENT_3D('',#4914,#3922,#3923);
#3442=AXIS2_PLACEMENT_3D('',#4916,#3924,#3925);
#3443=AXIS2_PLACEMENT_3D('',#4917,#3926,#3927);
#3444=AXIS2_PLACEMENT_3D('',#4919,#3928,#3929);
#3445=AXIS2_PLACEMENT_3D('',#4920,#3930,#3931);
#3446=AXIS2_PLACEMENT_3D('',#4921,#3932,#3933);
#3447=AXIS2_PLACEMENT_3D('',#4922,#3934,#3935);
#3448=AXIS2_PLACEMENT_3D('',#4923,#3936,#3937);
#3449=AXIS2_PLACEMENT_3D('',#4924,#3938,#3939);
#3450=AXIS2_PLACEMENT_3D('',#4925,#3940,#3941);
#3451=AXIS2_PLACEMENT_3D('',#4926,#3942,#3943);
#3452=AXIS2_PLACEMENT_3D('',#4927,#3944,#3945);
#3453=AXIS2_PLACEMENT_3D('',#4929,#3946,#3947);
#3454=AXIS2_PLACEMENT_3D('',#4930,#3948,#3949);
#3455=AXIS2_PLACEMENT_3D('',#4931,#3950,#3951);
#3456=AXIS2_PLACEMENT_3D('',#4933,#3952,#3953);
#3457=AXIS2_PLACEMENT_3D('',#4935,#3954,#3955);
#3458=AXIS2_PLACEMENT_3D('',#4937,#3956,#3957);
#3459=AXIS2_PLACEMENT_3D('',#4939,#3958,#3959);
#3460=AXIS2_PLACEMENT_3D('',#4941,#3960,#3961);
#3461=AXIS2_PLACEMENT_3D('',#4942,#3962,#3963);
#3462=AXIS2_PLACEMENT_3D('',#4943,#3964,#3965);
#3463=AXIS2_PLACEMENT_3D('',#4945,#3966,#3967);
#3464=AXIS2_PLACEMENT_3D('',#4946,#3968,#3969);
#3465=AXIS2_PLACEMENT_3D('',#4947,#3970,#3971);
#3466=AXIS2_PLACEMENT_3D('',#4948,#3972,#3973);
#3467=AXIS2_PLACEMENT_3D('',#4949,#3974,#3975);
#3468=AXIS2_PLACEMENT_3D('',#4950,#3976,#3977);
#3469=AXIS2_PLACEMENT_3D('',#4951,#3978,#3979);
#3470=AXIS2_PLACEMENT_3D('',#4952,#3980,#3981);
#3471=AXIS2_PLACEMENT_3D('',#4953,#3982,#3983);
#3472=AXIS2_PLACEMENT_3D('',#4954,#3984,#3985);
#3473=AXIS2_PLACEMENT_3D('',#4955,#3986,#3987);
#3474=AXIS2_PLACEMENT_3D('',#4956,#3988,#3989);
#3475=AXIS2_PLACEMENT_3D('',#4962,#3992,#3993);
#3476=AXIS2_PLACEMENT_3D('',#4963,#3994,#3995);
#3477=AXIS2_PLACEMENT_3D('',#4969,#3998,#3999);
#3478=AXIS2_PLACEMENT_3D('',#4970,#4000,#4001);
#3479=AXIS2_PLACEMENT_3D('',#4985,#4004,#4005);
#3480=AXIS2_PLACEMENT_3D('',#4986,#4006,#4007);
#3481=AXIS2_PLACEMENT_3D('',#4987,#4008,#4009);
#3482=AXIS2_PLACEMENT_3D('',#4989,#4010,#4011);
#3483=AXIS2_PLACEMENT_3D('',#4999,#4016,#4017);
#3484=AXIS2_PLACEMENT_3D('',#5000,#4018,#4019);
#3485=AXIS2_PLACEMENT_3D('',#5002,#4020,#4021);
#3486=AXIS2_PLACEMENT_3D('',#5004,#4022,#4023);
#3487=AXIS2_PLACEMENT_3D('',#5005,#4024,#4025);
#3488=AXIS2_PLACEMENT_3D('',#5007,#4026,#4027);
#3489=AXIS2_PLACEMENT_3D('',#5009,#4028,#4029);
#3490=AXIS2_PLACEMENT_3D('',#5023,#4037,#4038);
#3491=AXIS2_PLACEMENT_3D('',#5027,#4040,#4041);
#3492=AXIS2_PLACEMENT_3D('',#5031,#4043,#4044);
#3493=AXIS2_PLACEMENT_3D('',#5032,#4045,#4046);
#3494=AXIS2_PLACEMENT_3D('',#5033,#4047,#4048);
#3495=AXIS2_PLACEMENT_3D('',#5035,#4049,#4050);
#3496=AXIS2_PLACEMENT_3D('',#5037,#4051,#4052);
#3497=AXIS2_PLACEMENT_3D('',#5039,#4053,#4054);
#3498=AXIS2_PLACEMENT_3D('',#5041,#4055,#4056);
#3499=AXIS2_PLACEMENT_3D('',#5043,#4057,#4058);
#3500=AXIS2_PLACEMENT_3D('',#5045,#4059,#4060);
#3501=AXIS2_PLACEMENT_3D('',#5047,#4061,#4062);
#3502=AXIS2_PLACEMENT_3D('',#5049,#4063,#4064);
#3503=AXIS2_PLACEMENT_3D('',#5051,#4065,#4066);
#3504=AXIS2_PLACEMENT_3D('',#5053,#4067,#4068);
#3505=AXIS2_PLACEMENT_3D('',#5055,#4069,#4070);
#3506=AXIS2_PLACEMENT_3D('',#5063,#4075,#4076);
#3507=AXIS2_PLACEMENT_3D('',#5071,#4080,#4081);
#3508=AXIS2_PLACEMENT_3D('',#5074,#4083,#4084);
#3509=AXIS2_PLACEMENT_3D('',#5076,#4085,#4086);
#3510=AXIS2_PLACEMENT_3D('',#5078,#4087,#4088);
#3511=AXIS2_PLACEMENT_3D('',#5092,#4096,#4097);
#3512=AXIS2_PLACEMENT_3D('',#5095,#4100,#4101);
#3513=AXIS2_PLACEMENT_3D('',#5101,#4105,#4106);
#3514=AXIS2_PLACEMENT_3D('',#5102,#4107,#4108);
#3515=AXIS2_PLACEMENT_3D('',#5107,#4111,#4112);
#3516=AXIS2_PLACEMENT_3D('',#5108,#4113,#4114);
#3517=AXIS2_PLACEMENT_3D('',#5119,#4120,#4121);
#3518=AXIS2_PLACEMENT_3D('',#5120,#4122,#4123);
#3519=AXIS2_PLACEMENT_3D('',#5127,#4127,#4128);
#3520=AXIS2_PLACEMENT_3D('',#5133,#4132,#4133);
#3521=AXIS2_PLACEMENT_3D('',#5137,#4136,#4137);
#3522=AXIS2_PLACEMENT_3D('',#5141,#4140,#4141);
#3523=AXIS2_PLACEMENT_3D('',#5146,#4144,#4145);
#3524=AXIS2_PLACEMENT_3D('',#5147,#4146,#4147);
#3525=AXIS2_PLACEMENT_3D('',#5152,#4150,#4151);
#3526=AXIS2_PLACEMENT_3D('',#5155,#4154,#4155);
#3527=AXIS2_PLACEMENT_3D('',#5156,#4156,#4157);
#3528=AXIS2_PLACEMENT_3D('',#5158,#4158,#4159);
#3529=AXIS2_PLACEMENT_3D('',#5160,#4160,#4161);
#3530=AXIS2_PLACEMENT_3D('',#5162,#4162,#4163);
#3531=AXIS2_PLACEMENT_3D('',#5164,#4164,#4165);
#3532=AXIS2_PLACEMENT_3D('',#5166,#4166,#4167);
#3533=AXIS2_PLACEMENT_3D('',#5168,#4168,#4169);
#3534=AXIS2_PLACEMENT_3D('',#5170,#4170,#4171);
#3535=AXIS2_PLACEMENT_3D('',#5172,#4172,#4173);
#3536=AXIS2_PLACEMENT_3D('',#5174,#4174,#4175);
#3537=AXIS2_PLACEMENT_3D('',#5176,#4176,#4177);
#3538=AXIS2_PLACEMENT_3D('',#5178,#4178,#4179);
#3539=AXIS2_PLACEMENT_3D('',#5180,#4180,#4181);
#3540=AXIS2_PLACEMENT_3D('',#5181,#4182,#4183);
#3541=AXIS2_PLACEMENT_3D('',#5182,#4184,#4185);
#3542=AXIS2_PLACEMENT_3D('',#5183,#4186,#4187);
#3543=AXIS2_PLACEMENT_3D('',#5184,#4188,#4189);
#3544=AXIS2_PLACEMENT_3D('',#5186,#4191,#4192);
#3545=AXIS2_PLACEMENT_3D('',#5192,#4196,#4197);
#3546=AXIS2_PLACEMENT_3D('',#5198,#4201,#4202);
#3547=AXIS2_PLACEMENT_3D('',#5201,#4204,#4205);
#3548=AXIS2_PLACEMENT_3D('',#5202,#4206,#4207);
#3549=AXIS2_PLACEMENT_3D('',#5208,#4212,#4213);
#3550=AXIS2_PLACEMENT_3D('',#5209,#4214,#4215);
#3551=AXIS2_PLACEMENT_3D('',#5210,#4216,#4217);
#3552=AXIS2_PLACEMENT_3D('',#5212,#4219,#4220);
#3553=AXIS2_PLACEMENT_3D('',#5213,#4221,#4222);
#3554=AXIS2_PLACEMENT_3D('',#5215,#4223,#4224);
#3555=AXIS2_PLACEMENT_3D('',#5216,#4225,#4226);
#3556=AXIS2_PLACEMENT_3D('',#5217,#4227,#4228);
#3557=AXIS2_PLACEMENT_3D('',#5219,#4229,#4230);
#3558=AXIS2_PLACEMENT_3D('',#5220,#4231,#4232);
#3559=AXIS2_PLACEMENT_3D('',#5221,#4233,#4234);
#3560=AXIS2_PLACEMENT_3D('',#5222,#4235,#4236);
#3561=AXIS2_PLACEMENT_3D('',#5223,#4237,#4238);
#3562=AXIS2_PLACEMENT_3D('',#5224,#4239,#4240);
#3563=AXIS2_PLACEMENT_3D('',#5225,#4241,#4242);
#3564=AXIS2_PLACEMENT_3D('',#5226,#4243,#4244);
#3565=AXIS2_PLACEMENT_3D('',#5227,#4245,#4246);
#3566=AXIS2_PLACEMENT_3D('',#5228,#4247,#4248);
#3567=AXIS2_PLACEMENT_3D('',#5229,#4249,#4250);
#3568=AXIS2_PLACEMENT_3D('',#5230,#4251,#4252);
#3569=AXIS2_PLACEMENT_3D('',#5232,#4254,#4255);
#3570=AXIS2_PLACEMENT_3D('',#5233,#4256,#4257);
#3571=AXIS2_PLACEMENT_3D('',#5235,#4258,#4259);
#3572=AXIS2_PLACEMENT_3D('',#5237,#4260,#4261);
#3573=AXIS2_PLACEMENT_3D('',#5238,#4262,#4263);
#3574=AXIS2_PLACEMENT_3D('',#5239,#4264,#4265);
#3575=AXIS2_PLACEMENT_3D('',#5240,#4266,#4267);
#3576=AXIS2_PLACEMENT_3D('',#5241,#4268,#4269);
#3577=AXIS2_PLACEMENT_3D('',#5242,#4270,#4271);
#3578=AXIS2_PLACEMENT_3D('',#5244,#4272,#4273);
#3579=AXIS2_PLACEMENT_3D('',#5245,#4274,#4275);
#3580=AXIS2_PLACEMENT_3D('',#5246,#4276,#4277);
#3581=AXIS2_PLACEMENT_3D('',#5248,#4278,#4279);
#3582=AXIS2_PLACEMENT_3D('',#5249,#4280,#4281);
#3583=AXIS2_PLACEMENT_3D('',#5250,#4282,#4283);
#3584=AXIS2_PLACEMENT_3D('',#5251,#4284,#4285);
#3585=AXIS2_PLACEMENT_3D('',#5252,#4286,#4287);
#3586=AXIS2_PLACEMENT_3D('',#5253,#4288,#4289);
#3587=AXIS2_PLACEMENT_3D('',#5254,#4290,#4291);
#3588=AXIS2_PLACEMENT_3D('',#5255,#4292,#4293);
#3589=AXIS2_PLACEMENT_3D('',#5256,#4294,#4295);
#3590=AXIS2_PLACEMENT_3D('',#5257,#4296,#4297);
#3591=AXIS2_PLACEMENT_3D('',#5259,#4298,#4299);
#3592=AXIS2_PLACEMENT_3D('',#5260,#4300,#4301);
#3593=AXIS2_PLACEMENT_3D('',#5261,#4302,#4303);
#3594=AXIS2_PLACEMENT_3D('',#5263,#4304,#4305);
#3595=AXIS2_PLACEMENT_3D('',#5264,#4306,#4307);
#3596=AXIS2_PLACEMENT_3D('',#5265,#4308,#4309);
#3597=AXIS2_PLACEMENT_3D('',#5267,#4310,#4311);
#3598=AXIS2_PLACEMENT_3D('',#5268,#4312,#4313);
#3599=AXIS2_PLACEMENT_3D('',#5269,#4314,#4315);
#3600=AXIS2_PLACEMENT_3D('',#5271,#4316,#4317);
#3601=AXIS2_PLACEMENT_3D('',#5272,#4318,#4319);
#3602=AXIS2_PLACEMENT_3D('',#5273,#4320,#4321);
#3603=AXIS2_PLACEMENT_3D('',#5275,#4322,#4323);
#3604=AXIS2_PLACEMENT_3D('',#5276,#4324,#4325);
#3605=AXIS2_PLACEMENT_3D('',#5277,#4326,#4327);
#3606=AXIS2_PLACEMENT_3D('',#5278,#4328,#4329);
#3607=AXIS2_PLACEMENT_3D('',#5280,#4330,#4331);
#3608=AXIS2_PLACEMENT_3D('',#5282,#4332,#4333);
#3609=AXIS2_PLACEMENT_3D('',#5283,#4334,#4335);
#3610=AXIS2_PLACEMENT_3D('',#5285,#4336,#4337);
#3611=AXIS2_PLACEMENT_3D('',#5287,#4338,#4339);
#3612=AXIS2_PLACEMENT_3D('',#5289,#4340,#4341);
#3613=AXIS2_PLACEMENT_3D('',#5291,#4342,#4343);
#3614=AXIS2_PLACEMENT_3D('',#5293,#4344,#4345);
#3615=AXIS2_PLACEMENT_3D('',#5294,#4346,#4347);
#3616=AXIS2_PLACEMENT_3D('',#5296,#4348,#4349);
#3617=AXIS2_PLACEMENT_3D('',#5298,#4350,#4351);
#3618=AXIS2_PLACEMENT_3D('',#5300,#4352,#4353);
#3619=AXIS2_PLACEMENT_3D('',#5302,#4354,#4355);
#3620=AXIS2_PLACEMENT_3D('',#5304,#4356,#4357);
#3621=AXIS2_PLACEMENT_3D('',#5305,#4358,#4359);
#3622=AXIS2_PLACEMENT_3D('',#5306,#4360,#4361);
#3623=AXIS2_PLACEMENT_3D('',#5307,#4362,#4363);
#3624=AXIS2_PLACEMENT_3D('',#5308,#4364,#4365);
#3625=AXIS2_PLACEMENT_3D('',#5309,#4366,#4367);
#3626=AXIS2_PLACEMENT_3D('',#5310,#4368,#4369);
#3627=AXIS2_PLACEMENT_3D('',#5311,#4370,#4371);
#3628=AXIS2_PLACEMENT_3D('',#5316,#4373,#4374);
#3629=AXIS2_PLACEMENT_3D('',#5319,#4376,#4377);
#3630=AXIS2_PLACEMENT_3D('',#5325,#4381,#4382);
#3631=AXIS2_PLACEMENT_3D('',#5326,#4383,#4384);
#3632=AXIS2_PLACEMENT_3D('',#5330,#4386,#4387);
#3633=AXIS2_PLACEMENT_3D('',#5331,#4388,#4389);
#3634=AXIS2_PLACEMENT_3D('',#5337,#4393,#4394);
#3635=AXIS2_PLACEMENT_3D('',#5351,#4402,#4403);
#3636=AXIS2_PLACEMENT_3D('',#5357,#4407,#4408);
#3637=AXIS2_PLACEMENT_3D('',#5360,#4411,#4412);
#3638=AXIS2_PLACEMENT_3D('',#5366,#4416,#4417);
#3639=AXIS2_PLACEMENT_3D('',#5368,#4418,#4419);
#3640=AXIS2_PLACEMENT_3D('',#5369,#4420,#4421);
#3641=AXIS2_PLACEMENT_3D('',#5371,#4422,#4423);
#3642=AXIS2_PLACEMENT_3D('',#5373,#4424,#4425);
#3643=AXIS2_PLACEMENT_3D('',#5374,#4426,#4427);
#3644=AXIS2_PLACEMENT_3D('',#5378,#4430,#4431);
#3645=AXIS2_PLACEMENT_3D('',#5382,#4434,#4435);
#3646=AXIS2_PLACEMENT_3D('',#5384,#4437,#4438);
#3647=AXIS2_PLACEMENT_3D('',#5385,#4439,#4440);
#3648=AXIS2_PLACEMENT_3D('',#5387,#4441,#4442);
#3649=AXIS2_PLACEMENT_3D('',#5388,#4443,#4444);
#3650=AXIS2_PLACEMENT_3D('',#5389,#4445,#4446);
#3651=AXIS2_PLACEMENT_3D('',#5390,#4447,#4448);
#3652=AXIS2_PLACEMENT_3D('',#5405,#4455,#4456);
#3653=AXIS2_PLACEMENT_3D('',#5409,#4458,#4459);
#3654=AXIS2_PLACEMENT_3D('',#5414,#4462,#4463);
#3655=AXIS2_PLACEMENT_3D('',#5415,#4464,#4465);
#3656=AXIS2_PLACEMENT_3D('',#5420,#4468,#4469);
#3657=AXIS2_PLACEMENT_3D('',#5424,#4472,#4473);
#3658=AXIS2_PLACEMENT_3D('',#5425,#4474,#4475);
#3659=AXIS2_PLACEMENT_3D('',#5428,#4477,#4478);
#3660=AXIS2_PLACEMENT_3D('',#5432,#4481,#4482);
#3661=AXIS2_PLACEMENT_3D('',#5441,#4488,#4489);
#3662=AXIS2_PLACEMENT_3D('',#5445,#4492,#4493);
#3663=AXIS2_PLACEMENT_3D('',#5447,#4495,#4496);
#3664=AXIS2_PLACEMENT_3D('',#5448,#4497,#4498);
#3665=AXIS2_PLACEMENT_3D('',#5450,#4499,#4500);
#3666=AXIS2_PLACEMENT_3D('',#5452,#4501,#4502);
#3667=AXIS2_PLACEMENT_3D('',#5453,#4503,#4504);
#3668=AXIS2_PLACEMENT_3D('',#5457,#4507,#4508);
#3669=AXIS2_PLACEMENT_3D('',#5461,#4511,#4512);
#3670=AXIS2_PLACEMENT_3D('',#5463,#4514,#4515);
#3671=AXIS2_PLACEMENT_3D('',#5464,#4516,#4517);
#3672=AXIS2_PLACEMENT_3D('',#5466,#4518,#4519);
#3673=AXIS2_PLACEMENT_3D('',#5467,#4520,#4521);
#3674=AXIS2_PLACEMENT_3D('',#5468,#4522,#4523);
#3675=AXIS2_PLACEMENT_3D('',#5477,#4528,#4529);
#3676=AXIS2_PLACEMENT_3D('',#5478,#4530,#4531);
#3677=AXIS2_PLACEMENT_3D('',#5480,#4532,#4533);
#3678=AXIS2_PLACEMENT_3D('',#5482,#4534,#4535);
#3679=AXIS2_PLACEMENT_3D('',#5496,#4543,#4544);
#3680=AXIS2_PLACEMENT_3D('',#5502,#4548,#4549);
#3681=AXIS2_PLACEMENT_3D('',#5503,#4550,#4551);
#3682=AXIS2_PLACEMENT_3D('',#5508,#4554,#4555);
#3683=AXIS2_PLACEMENT_3D('',#5513,#4558,#4559);
#3684=AXIS2_PLACEMENT_3D('',#5514,#4560,#4561);
#3685=AXIS2_PLACEMENT_3D('',#5517,#4564,#4565);
#3686=AXIS2_PLACEMENT_3D('',#5518,#4566,#4567);
#3687=AXIS2_PLACEMENT_3D('',#5519,#4568,#4569);
#3688=AXIS2_PLACEMENT_3D('',#5521,#4570,#4571);
#3689=AXIS2_PLACEMENT_3D('',#5524,#4573,#4574);
#3690=AXIS2_PLACEMENT_3D('',#5530,#4578,#4579);
#3691=AXIS2_PLACEMENT_3D('',#5531,#4580,#4581);
#3692=AXIS2_PLACEMENT_3D('',#5532,#4582,#4583);
#3693=AXIS2_PLACEMENT_3D('',#5533,#4584,#4585);
#3694=AXIS2_PLACEMENT_3D('',#5534,#4586,#4587);
#3695=AXIS2_PLACEMENT_3D('',#5535,#4588,#4589);
#3696=AXIS2_PLACEMENT_3D('',#5536,#4590,#4591);
#3697=AXIS2_PLACEMENT_3D('',#5537,#4592,#4593);
#3698=AXIS2_PLACEMENT_3D('',#5542,#4595,#4596);
#3699=AXIS2_PLACEMENT_3D('',#5545,#4598,#4599);
#3700=AXIS2_PLACEMENT_3D('',#5551,#4603,#4604);
#3701=AXIS2_PLACEMENT_3D('',#5552,#4605,#4606);
#3702=AXIS2_PLACEMENT_3D('',#5554,#4607,#4608);
#3703=AXIS2_PLACEMENT_3D('',#5557,#4610,#4611);
#3704=AXIS2_PLACEMENT_3D('',#5560,#4614,#4615);
#3705=AXIS2_PLACEMENT_3D('',#5561,#4616,#4617);
#3706=AXIS2_PLACEMENT_3D('',#5563,#4618,#4619);
#3707=AXIS2_PLACEMENT_3D('',#5565,#4620,#4621);
#3708=AXIS2_PLACEMENT_3D('',#5566,#4622,#4623);
#3709=AXIS2_PLACEMENT_3D('',#5568,#4624,#4625);
#3710=AXIS2_PLACEMENT_3D('',#5570,#4626,#4627);
#3711=AXIS2_PLACEMENT_3D('',#5571,#4628,#4629);
#3712=AXIS2_PLACEMENT_3D('',#5572,#4630,#4631);
#3713=AXIS2_PLACEMENT_3D('',#5574,#4632,#4633);
#3714=AXIS2_PLACEMENT_3D('',#5575,#4634,#4635);
#3715=AXIS2_PLACEMENT_3D('',#5577,#4636,#4637);
#3716=AXIS2_PLACEMENT_3D('',#5578,#4638,#4639);
#3717=AXIS2_PLACEMENT_3D('',#5580,#4640,#4641);
#3718=AXIS2_PLACEMENT_3D('',#5581,#4642,#4643);
#3719=AXIS2_PLACEMENT_3D('',#5583,#4644,#4645);
#3720=AXIS2_PLACEMENT_3D('',#5584,#4646,#4647);
#3721=AXIS2_PLACEMENT_3D('',#5585,#4648,#4649);
#3722=AXIS2_PLACEMENT_3D('',#5594,#4654,#4655);
#3723=AXIS2_PLACEMENT_3D('',#5595,#4656,#4657);
#3724=AXIS2_PLACEMENT_3D('',#5597,#4658,#4659);
#3725=AXIS2_PLACEMENT_3D('',#5599,#4660,#4661);
#3726=AXIS2_PLACEMENT_3D('',#5605,#4665,#4666);
#3727=AXIS2_PLACEMENT_3D('',#5619,#4674,#4675);
#3728=AXIS2_PLACEMENT_3D('',#5624,#4678,#4679);
#3729=AXIS2_PLACEMENT_3D('',#5625,#4680,#4681);
#3730=AXIS2_PLACEMENT_3D('',#5626,#4682,#4683);
#3731=AXIS2_PLACEMENT_3D('',#5631,#4686,#4687);
#3732=AXIS2_PLACEMENT_3D('',#5634,#4690,#4691);
#3733=AXIS2_PLACEMENT_3D('',#5635,#4692,#4693);
#3734=AXIS2_PLACEMENT_3D('',#5644,#4698,#4699);
#3735=AXIS2_PLACEMENT_3D('',#5645,#4700,#4701);
#3736=AXIS2_PLACEMENT_3D('',#5646,#4702,#4703);
#3737=AXIS2_PLACEMENT_3D('',#5647,#4704,#4705);
#3738=AXIS2_PLACEMENT_3D('',#5648,#4706,#4707);
#3739=AXIS2_PLACEMENT_3D('',#5649,#4708,#4709);
#3740=AXIS2_PLACEMENT_3D('',#5650,#4710,#4711);
#3741=AXIS2_PLACEMENT_3D('',#5651,#4712,#4713);
#3742=DIRECTION('',(0.,0.,1.));
#3743=DIRECTION('',(1.,0.,0.));
#3744=DIRECTION('',(1.,0.,0.));
#3745=DIRECTION('',(0.,0.,-1.));
#3746=DIRECTION('',(-1.,0.,0.));
#3747=DIRECTION('',(0.,0.,1.));
#3748=DIRECTION('',(1.,0.,0.));
#3749=DIRECTION('',(-1.,0.,0.));
#3750=DIRECTION('',(0.,0.,1.));
#3751=DIRECTION('',(1.,0.,0.));
#3752=DIRECTION('',(0.,0.5,0.866025403784439));
#3753=DIRECTION('',(0.,-0.866025403784439,0.5));
#3754=DIRECTION('',(0.,-0.866025403784439,0.5));
#3755=DIRECTION('',(1.,0.,0.));
#3756=DIRECTION('',(0.,-0.866025403784439,0.5));
#3757=DIRECTION('',(1.,0.,0.));
#3758=DIRECTION('',(0.,0.,-1.));
#3759=DIRECTION('',(-1.,0.,0.));
#3760=DIRECTION('',(0.,0.,1.));
#3761=DIRECTION('',(1.,0.,0.));
#3762=DIRECTION('',(-1.,0.,0.));
#3763=DIRECTION('',(0.,0.,1.));
#3764=DIRECTION('',(0.,0.5,0.866025403784439));
#3765=DIRECTION('',(0.,-0.866025403784439,0.5));
#3766=DIRECTION('',(0.,-0.866025403784439,0.5));
#3767=DIRECTION('',(0.,-0.866025403784439,0.5));
#3768=DIRECTION('',(-1.,0.,0.));
#3769=DIRECTION('',(0.,-1.,0.));
#3770=DIRECTION('',(-1.,0.,0.));
#3771=DIRECTION('',(0.,0.,1.));
#3772=DIRECTION('',(-1.,0.,0.));
#3773=DIRECTION('',(0.,0.,1.));
#3774=DIRECTION('',(-1.,0.,0.));
#3775=DIRECTION('',(0.,-1.,0.));
#3776=DIRECTION('',(-1.,0.,0.));
#3777=DIRECTION('',(0.,0.,1.));
#3778=DIRECTION('',(-1.,0.,0.));
#3779=DIRECTION('',(0.,0.,1.));
#3780=DIRECTION('',(-1.,0.,0.));
#3781=DIRECTION('',(0.,0.,1.));
#3782=DIRECTION('',(-1.,0.,0.));
#3783=DIRECTION('',(0.,0.,1.));
#3784=DIRECTION('',(1.,0.,0.));
#3785=DIRECTION('',(0.,0.,-1.));
#3786=DIRECTION('',(1.,0.,0.));
#3787=DIRECTION('',(0.,0.,-1.));
#3788=DIRECTION('',(1.,0.,0.));
#3789=DIRECTION('',(0.,0.,-1.));
#3790=DIRECTION('',(-1.,0.,0.));
#3791=DIRECTION('',(0.,0.,1.));
#3792=DIRECTION('',(-1.,0.,0.));
#3793=DIRECTION('',(0.,0.,1.));
#3794=DIRECTION('',(1.,0.,0.));
#3795=DIRECTION('',(0.,0.,-1.));
#3796=DIRECTION('',(-1.,0.,0.));
#3797=DIRECTION('',(0.,0.,1.));
#3798=DIRECTION('',(-1.,0.,0.));
#3799=DIRECTION('',(0.,-1.,0.));
#3800=DIRECTION('',(0.,0.,1.));
#3801=DIRECTION('',(1.,0.,0.));
#3802=DIRECTION('',(-1.22464679914735E-16,0.,1.));
#3803=DIRECTION('',(-1.,0.,-1.22464679914735E-16));
#3804=DIRECTION('',(-1.,0.,-1.22464679914735E-16));
#3805=DIRECTION('',(0.,-1.,0.));
#3806=DIRECTION('',(-1.,0.,-1.22464679914735E-16));
#3807=DIRECTION('',(0.,1.,0.));
#3808=DIRECTION('',(0.,-1.,0.));
#3809=DIRECTION('',(-1.22464679914735E-16,0.,1.));
#3810=DIRECTION('',(0.,-1.,0.));
#3811=DIRECTION('',(-1.22464679914735E-16,0.,1.));
#3812=DIRECTION('',(0.,-1.,0.));
#3813=DIRECTION('',(-1.22464679914735E-16,0.,1.));
#3814=DIRECTION('',(0.,-1.,0.));
#3815=DIRECTION('',(-1.22464679914735E-16,0.,1.));
#3816=DIRECTION('',(-1.,0.,-1.22464679914735E-16));
#3817=DIRECTION('',(1.22464679914735E-16,0.,-1.));
#3818=DIRECTION('',(-1.,0.,-1.22464679914735E-16));
#3819=DIRECTION('',(1.22464679914735E-16,0.,-1.));
#3820=DIRECTION('',(-1.,0.,-1.22464679914735E-16));
#3821=DIRECTION('',(-1.22464679914735E-16,0.,1.));
#3822=DIRECTION('',(0.,1.,0.));
#3823=DIRECTION('',(1.22464679914735E-16,0.,-1.));
#3824=DIRECTION('',(0.,-1.,0.));
#3825=DIRECTION('',(-1.22464679914735E-16,0.,1.));
#3826=DIRECTION('',(0.,-1.,0.));
#3827=DIRECTION('',(-1.22464679914735E-16,0.,1.));
#3828=DIRECTION('',(0.,-1.,0.));
#3829=DIRECTION('',(-1.22464679914735E-16,0.,1.));
#3830=DIRECTION('',(-1.,0.,-1.22464679914735E-16));
#3831=DIRECTION('',(0.,-1.,0.));
#3832=DIRECTION('',(-1.22464679914735E-16,0.,1.));
#3833=DIRECTION('',(-1.,0.,-1.22464679914735E-16));
#3834=DIRECTION('',(1.22464679914735E-16,0.,-1.));
#3835=DIRECTION('',(1.22464679914735E-16,0.,-1.));
#3836=DIRECTION('',(-1.,0.,-1.22464679914735E-16));
#3837=DIRECTION('',(-1.22464679914735E-16,0.,1.));
#3838=DIRECTION('',(1.,0.,1.22464679914735E-16));
#3839=DIRECTION('',(-1.,0.,-1.22464679914735E-16));
#3840=DIRECTION('',(-1.22464679914735E-16,0.,1.));
#3841=DIRECTION('',(0.,1.,0.));
#3842=DIRECTION('',(0.,1.,0.));
#3843=DIRECTION('',(1.22464679914735E-16,0.,-1.));
#3844=DIRECTION('',(-1.,0.,-1.22464679914735E-16));
#3845=DIRECTION('',(-1.22464679914735E-16,0.,1.));
#3846=DIRECTION('',(1.,0.,1.22464679914735E-16));
#3847=DIRECTION('',(-1.22464679914735E-16,0.,1.));
#3848=DIRECTION('',(-1.,0.,-1.22464679914735E-16));
#3849=DIRECTION('',(0.,-1.,0.));
#3850=DIRECTION('',(0.,-1.,0.));
#3851=DIRECTION('',(-1.22464679914735E-16,0.,1.));
#3852=DIRECTION('',(0.,1.,0.));
#3853=DIRECTION('',(1.22464679914735E-16,0.,-1.));
#3854=DIRECTION('',(0.,1.,0.));
#3855=DIRECTION('',(1.22464679914735E-16,0.,-1.));
#3856=DIRECTION('',(-1.22464679914735E-16,0.,1.));
#3857=DIRECTION('',(-1.,0.,-1.22464679914735E-16));
#3858=DIRECTION('',(0.,0.,1.));
#3859=DIRECTION('',(1.,0.,0.));
#3860=DIRECTION('',(0.,1.,0.));
#3861=DIRECTION('',(1.,0.,1.22464679914735E-16));
#3862=DIRECTION('',(0.,1.,0.));
#3863=DIRECTION('',(1.22464679914735E-16,0.,-1.));
#3864=DIRECTION('',(1.,0.,1.22464679914735E-16));
#3865=DIRECTION('',(0.,1.,0.));
#3866=DIRECTION('',(1.22464679914735E-16,0.,-1.));
#3867=DIRECTION('',(1.22464679914735E-16,0.,-1.));
#3868=DIRECTION('',(0.,1.,0.));
#3869=DIRECTION('',(1.,0.,1.22464679914735E-16));
#3870=DIRECTION('',(0.,1.,0.));
#3871=DIRECTION('',(1.22464679914735E-16,0.,-1.));
#3872=DIRECTION('',(1.22464679914735E-16,0.,-1.));
#3873=DIRECTION('',(0.,1.,0.));
#3874=DIRECTION('',(1.22464679914735E-16,0.,-1.));
#3875=DIRECTION('',(1.,0.,1.22464679914735E-16));
#3876=DIRECTION('',(0.,1.,0.));
#3877=DIRECTION('',(1.,0.,1.22464679914735E-16));
#3878=DIRECTION('',(0.,1.,0.));
#3879=DIRECTION('',(1.22464679914735E-16,0.,-1.));
#3880=DIRECTION('',(1.,0.,1.22464679914735E-16));
#3881=DIRECTION('',(0.,1.,0.));
#3882=DIRECTION('',(1.22464679914735E-16,0.,-1.));
#3883=DIRECTION('',(1.22464679914735E-16,0.,-1.));
#3884=DIRECTION('',(-1.,0.,-1.22464679914735E-16));
#3885=DIRECTION('',(-1.22464679914735E-16,0.,1.));
#3886=DIRECTION('',(0.,-1.,0.));
#3887=DIRECTION('',(1.22464679914735E-16,0.,-1.));
#3888=DIRECTION('',(0.,-1.,0.));
#3889=DIRECTION('',(1.22464679914735E-16,0.,-1.));
#3890=DIRECTION('',(1.22464679914735E-16,0.,-1.));
#3891=DIRECTION('',(-1.,0.,-1.22464679914735E-16));
#3892=DIRECTION('',(1.,0.,1.22464679914735E-16));
#3893=DIRECTION('',(0.,-1.,0.));
#3894=DIRECTION('',(1.,0.,1.22464679914735E-16));
#3895=DIRECTION('',(-1.,0.,-1.22464679914735E-16));
#3896=DIRECTION('',(-1.22464679914735E-16,0.,1.));
#3897=DIRECTION('',(1.22464679914735E-16,0.,-1.));
#3898=DIRECTION('',(1.22464679914735E-16,0.,-1.));
#3899=DIRECTION('',(0.,-1.,0.));
#3900=DIRECTION('',(1.22464679914735E-16,0.,-1.));
#3901=DIRECTION('',(1.22464679914735E-16,0.,-1.));
#3902=DIRECTION('',(-1.,0.,-1.22464679914735E-16));
#3903=DIRECTION('',(1.,0.,1.22464679914735E-16));
#3904=DIRECTION('',(1.,0.,1.22464679914735E-16));
#3905=DIRECTION('',(1.,0.,1.22464679914735E-16));
#3906=DIRECTION('',(0.,1.,0.));
#3907=DIRECTION('',(1.,0.,1.22464679914735E-16));
#3908=DIRECTION('',(0.,1.,0.));
#3909=DIRECTION('',(1.22464679914735E-16,0.,-1.));
#3910=DIRECTION('',(0.,1.,0.));
#3911=DIRECTION('',(1.22464679914735E-16,0.,-1.));
#3912=DIRECTION('',(0.,1.,0.));
#3913=DIRECTION('',(1.22464679914735E-16,0.,-1.));
#3914=DIRECTION('',(0.,1.,0.));
#3915=DIRECTION('',(1.22464679914735E-16,0.,-1.));
#3916=DIRECTION('',(0.,1.,0.));
#3917=DIRECTION('',(1.22464679914735E-16,0.,-1.));
#3918=DIRECTION('',(0.,1.,0.));
#3919=DIRECTION('',(1.22464679914735E-16,0.,-1.));
#3920=DIRECTION('',(0.,1.,0.));
#3921=DIRECTION('',(1.22464679914735E-16,0.,-1.));
#3922=DIRECTION('',(0.,1.,0.));
#3923=DIRECTION('',(1.22464679914735E-16,0.,-1.));
#3924=DIRECTION('',(0.,1.,0.));
#3925=DIRECTION('',(1.,0.,1.22464679914735E-16));
#3926=DIRECTION('',(0.,1.,0.));
#3927=DIRECTION('',(1.22464679914735E-16,0.,-1.));
#3928=DIRECTION('',(0.,1.,0.));
#3929=DIRECTION('',(1.22464679914735E-16,0.,-1.));
#3930=DIRECTION('',(0.,1.,0.));
#3931=DIRECTION('',(1.,0.,1.22464679914735E-16));
#3932=DIRECTION('',(0.,1.,0.));
#3933=DIRECTION('',(1.22464679914735E-16,0.,-1.));
#3934=DIRECTION('',(0.,1.,0.));
#3935=DIRECTION('',(1.,0.,1.22464679914735E-16));
#3936=DIRECTION('',(0.,1.,0.));
#3937=DIRECTION('',(1.22464679914735E-16,0.,-1.));
#3938=DIRECTION('',(0.,1.,0.));
#3939=DIRECTION('',(1.,0.,1.22464679914735E-16));
#3940=DIRECTION('',(0.,1.,0.));
#3941=DIRECTION('',(1.22464679914735E-16,0.,-1.));
#3942=DIRECTION('',(0.,1.,0.));
#3943=DIRECTION('',(1.22464679914735E-16,0.,-1.));
#3944=DIRECTION('',(0.,1.,0.));
#3945=DIRECTION('',(1.22464679914735E-16,0.,-1.));
#3946=DIRECTION('',(0.,1.,0.));
#3947=DIRECTION('',(1.22464679914735E-16,0.,-1.));
#3948=DIRECTION('',(0.,1.,0.));
#3949=DIRECTION('',(1.,0.,1.22464679914735E-16));
#3950=DIRECTION('',(0.,1.,0.));
#3951=DIRECTION('',(1.22464679914735E-16,0.,-1.));
#3952=DIRECTION('',(0.,1.,0.));
#3953=DIRECTION('',(1.22464679914735E-16,0.,-1.));
#3954=DIRECTION('',(0.,1.,0.));
#3955=DIRECTION('',(1.22464679914735E-16,0.,-1.));
#3956=DIRECTION('',(0.,1.,0.));
#3957=DIRECTION('',(1.22464679914735E-16,0.,-1.));
#3958=DIRECTION('',(0.,1.,0.));
#3959=DIRECTION('',(1.22464679914735E-16,0.,-1.));
#3960=DIRECTION('',(0.,1.,0.));
#3961=DIRECTION('',(1.,0.,1.22464679914735E-16));
#3962=DIRECTION('',(0.,-1.,0.));
#3963=DIRECTION('',(-1.22464679914735E-16,0.,1.));
#3964=DIRECTION('',(0.,-1.,0.));
#3965=DIRECTION('',(-1.22464679914735E-16,0.,1.));
#3966=DIRECTION('',(0.,-1.,0.));
#3967=DIRECTION('',(-1.,0.,-1.22464679914735E-16));
#3968=DIRECTION('',(0.,1.,0.));
#3969=DIRECTION('',(1.22464679914735E-16,0.,-1.));
#3970=DIRECTION('',(0.,1.,0.));
#3971=DIRECTION('',(1.22464679914735E-16,0.,-1.));
#3972=DIRECTION('',(0.,1.,0.));
#3973=DIRECTION('',(1.22464679914735E-16,0.,-1.));
#3974=DIRECTION('',(0.,1.,0.));
#3975=DIRECTION('',(1.22464679914735E-16,0.,-1.));
#3976=DIRECTION('',(0.,-1.,0.));
#3977=DIRECTION('',(-1.22464679914735E-16,0.,1.));
#3978=DIRECTION('',(0.,-1.,0.));
#3979=DIRECTION('',(-1.22464679914735E-16,0.,1.));
#3980=DIRECTION('',(0.,-1.,0.));
#3981=DIRECTION('',(-1.22464679914735E-16,0.,1.));
#3982=DIRECTION('',(0.,-1.,0.));
#3983=DIRECTION('',(-1.22464679914735E-16,0.,1.));
#3984=DIRECTION('',(0.,0.,1.));
#3985=DIRECTION('',(1.,0.,0.));
#3986=DIRECTION('',(0.,-1.,0.));
#3987=DIRECTION('',(0.,0.,-1.));
#3988=DIRECTION('',(0.,-1.,0.));
#3989=DIRECTION('',(0.,0.,-1.));
#3990=DIRECTION('',(0.,0.,-1.));
#3991=DIRECTION('',(1.,0.,0.));
#3992=DIRECTION('',(0.,-1.,0.));
#3993=DIRECTION('',(0.,0.,-1.));
#3994=DIRECTION('',(0.,-1.,0.));
#3995=DIRECTION('',(0.,0.,-1.));
#3996=DIRECTION('',(1.,0.,0.));
#3997=DIRECTION('',(0.,0.,-1.));
#3998=DIRECTION('',(0.,0.,1.));
#3999=DIRECTION('',(1.,0.,0.));
#4000=DIRECTION('',(0.,0.,1.));
#4001=DIRECTION('',(1.,0.,0.));
#4002=DIRECTION('',(0.,0.,1.));
#4003=DIRECTION('',(0.,0.,1.));
#4004=DIRECTION('',(0.,0.,1.));
#4005=DIRECTION('',(1.,0.,0.));
#4006=DIRECTION('',(-1.,0.,0.));
#4007=DIRECTION('',(0.,0.,1.));
#4008=DIRECTION('',(1.,0.,0.));
#4009=DIRECTION('',(0.,0.,-1.));
#4010=DIRECTION('',(1.,0.,0.));
#4011=DIRECTION('',(0.,0.,-1.));
#4012=DIRECTION('',(0.,0.64278760968654,-0.766044443118978));
#4013=DIRECTION('',(0.,1.,0.));
#4014=DIRECTION('',(0.,0.,-1.));
#4015=DIRECTION('',(0.,-0.866025403784439,0.5));
#4016=DIRECTION('',(1.,0.,0.));
#4017=DIRECTION('',(0.,0.,-1.));
#4018=DIRECTION('',(1.,0.,0.));
#4019=DIRECTION('',(0.,0.,-1.));
#4020=DIRECTION('',(-1.,0.,0.));
#4021=DIRECTION('',(0.,0.,1.));
#4022=DIRECTION('',(-1.,0.,0.));
#4023=DIRECTION('',(0.,0.,1.));
#4024=DIRECTION('',(-1.,0.,0.));
#4025=DIRECTION('',(0.,0.,1.));
#4026=DIRECTION('',(1.,0.,0.));
#4027=DIRECTION('',(0.,0.,-1.));
#4028=DIRECTION('',(0.,1.,0.));
#4029=DIRECTION('',(0.,0.,1.));
#4030=DIRECTION('',(-1.,0.,0.));
#4031=DIRECTION('',(0.,0.,1.));
#4032=DIRECTION('',(1.,0.,0.));
#4033=DIRECTION('',(0.,0.,-1.));
#4034=DIRECTION('',(1.,0.,0.));
#4035=DIRECTION('',(0.,0.,-1.));
#4036=DIRECTION('',(-1.,0.,0.));
#4037=DIRECTION('',(1.,0.,0.));
#4038=DIRECTION('',(0.,0.,-1.));
#4039=DIRECTION('',(1.,0.,0.));
#4040=DIRECTION('',(-1.,0.,0.));
#4041=DIRECTION('',(0.,0.,1.));
#4042=DIRECTION('',(1.,0.,0.));
#4043=DIRECTION('',(-1.,0.,0.));
#4044=DIRECTION('',(0.,0.,1.));
#4045=DIRECTION('',(0.,0.,-1.));
#4046=DIRECTION('',(-1.,0.,0.));
#4047=DIRECTION('',(0.,0.,1.));
#4048=DIRECTION('',(1.,0.,0.));
#4049=DIRECTION('',(0.,0.,1.));
#4050=DIRECTION('',(1.,0.,0.));
#4051=DIRECTION('',(0.,0.,1.));
#4052=DIRECTION('',(1.,0.,0.));
#4053=DIRECTION('',(0.,0.,1.));
#4054=DIRECTION('',(1.,0.,0.));
#4055=DIRECTION('',(0.,0.,1.));
#4056=DIRECTION('',(1.,0.,0.));
#4057=DIRECTION('',(0.,0.,1.));
#4058=DIRECTION('',(1.,0.,0.));
#4059=DIRECTION('',(0.,0.,1.));
#4060=DIRECTION('',(1.,0.,0.));
#4061=DIRECTION('',(0.,0.,1.));
#4062=DIRECTION('',(1.,0.,0.));
#4063=DIRECTION('',(0.,0.,1.));
#4064=DIRECTION('',(1.,0.,0.));
#4065=DIRECTION('',(0.,0.,1.));
#4066=DIRECTION('',(1.,0.,0.));
#4067=DIRECTION('',(0.,0.,1.));
#4068=DIRECTION('',(1.,0.,0.));
#4069=DIRECTION('',(0.,0.,1.));
#4070=DIRECTION('',(1.,0.,0.));
#4071=DIRECTION('',(0.,1.,0.));
#4072=DIRECTION('',(1.,0.,0.));
#4073=DIRECTION('',(1.,0.,0.));
#4074=DIRECTION('',(0.,1.,0.));
#4075=DIRECTION('',(0.,0.,1.));
#4076=DIRECTION('',(1.,0.,0.));
#4077=DIRECTION('',(0.,-1.,0.));
#4078=DIRECTION('',(1.,0.,0.));
#4079=DIRECTION('',(0.,-1.,0.));
#4080=DIRECTION('',(0.,0.,1.));
#4081=DIRECTION('',(1.,0.,0.));
#4082=DIRECTION('',(1.,0.,0.));
#4083=DIRECTION('',(0.,0.,1.));
#4084=DIRECTION('',(1.,0.,0.));
#4085=DIRECTION('',(0.,0.,1.));
#4086=DIRECTION('',(1.,0.,0.));
#4087=DIRECTION('',(0.,-1.,0.));
#4088=DIRECTION('',(0.,0.,-1.));
#4089=DIRECTION('',(0.,0.,1.));
#4090=DIRECTION('',(-1.,0.,0.));
#4091=DIRECTION('',(0.,0.,-1.));
#4092=DIRECTION('',(1.,0.,0.));
#4093=DIRECTION('',(0.,0.,-1.));
#4094=DIRECTION('',(0.,0.,-1.));
#4095=DIRECTION('',(1.,0.,0.));
#4096=DIRECTION('',(0.,0.5,0.866025403784439));
#4097=DIRECTION('',(0.,-0.866025403784439,0.5));
#4098=DIRECTION('',(0.,-0.866025403784439,0.5));
#4099=DIRECTION('',(0.,-0.866025403784439,0.5));
#4100=DIRECTION('',(-1.,0.,0.));
#4101=DIRECTION('',(0.,-1.,0.));
#4102=DIRECTION('',(0.,-0.64278760968654,0.766044443118978));
#4103=DIRECTION('',(0.,1.,0.));
#4104=DIRECTION('',(0.,0.,-1.));
#4105=DIRECTION('',(-1.,0.,0.));
#4106=DIRECTION('',(0.,0.,1.));
#4107=DIRECTION('',(-1.,0.,0.));
#4108=DIRECTION('',(0.,0.,1.));
#4109=DIRECTION('',(0.,1.,0.));
#4110=DIRECTION('',(0.,-0.64278760968654,0.766044443118978));
#4111=DIRECTION('',(-1.,0.,0.));
#4112=DIRECTION('',(0.,0.,1.));
#4113=DIRECTION('',(-1.,0.,0.));
#4114=DIRECTION('',(0.,0.,1.));
#4115=DIRECTION('',(0.,1.,0.));
#4116=DIRECTION('',(0.,-0.8,0.6));
#4117=DIRECTION('',(0.,1.,0.));
#4118=DIRECTION('',(0.,0.,1.));
#4119=DIRECTION('',(0.,-1.,0.));
#4120=DIRECTION('',(1.,0.,0.));
#4121=DIRECTION('',(0.,0.,-1.));
#4122=DIRECTION('',(1.,0.,0.));
#4123=DIRECTION('',(0.,0.,-1.));
#4124=DIRECTION('',(0.,-1.,0.));
#4125=DIRECTION('',(0.,1.,0.));
#4126=DIRECTION('',(0.,0.,1.));
#4127=DIRECTION('',(0.,1.,0.));
#4128=DIRECTION('',(0.,0.,1.));
#4129=DIRECTION('',(1.,0.,0.));
#4130=DIRECTION('',(0.,0.,-1.));
#4131=DIRECTION('',(0.,0.,-1.));
#4132=DIRECTION('',(1.,0.,0.));
#4133=DIRECTION('',(0.,0.,-1.));
#4134=DIRECTION('',(0.,-1.,0.));
#4135=DIRECTION('',(0.,0.,-1.));
#4136=DIRECTION('',(1.,0.,0.));
#4137=DIRECTION('',(0.,0.,-1.));
#4138=DIRECTION('',(0.,0.,-1.));
#4139=DIRECTION('',(0.,-1.,0.));
#4140=DIRECTION('',(0.,0.,1.));
#4141=DIRECTION('',(1.,0.,0.));
#4142=DIRECTION('',(0.,-1.,0.));
#4143=DIRECTION('',(1.,0.,0.));
#4144=DIRECTION('',(0.,0.,1.));
#4145=DIRECTION('',(1.,0.,0.));
#4146=DIRECTION('',(0.,0.,1.));
#4147=DIRECTION('',(1.,0.,0.));
#4148=DIRECTION('',(1.,0.,0.));
#4149=DIRECTION('',(0.,-1.,0.));
#4150=DIRECTION('',(0.,0.,1.));
#4151=DIRECTION('',(1.,0.,0.));
#4152=DIRECTION('',(1.,0.,0.));
#4153=DIRECTION('',(1.,0.,0.));
#4154=DIRECTION('',(0.,0.,1.));
#4155=DIRECTION('',(1.,0.,0.));
#4156=DIRECTION('',(0.,0.,1.));
#4157=DIRECTION('',(1.,0.,0.));
#4158=DIRECTION('',(0.,0.,1.));
#4159=DIRECTION('',(1.,0.,0.));
#4160=DIRECTION('',(0.,0.,1.));
#4161=DIRECTION('',(1.,0.,0.));
#4162=DIRECTION('',(0.,0.,1.));
#4163=DIRECTION('',(1.,0.,0.));
#4164=DIRECTION('',(0.,0.,1.));
#4165=DIRECTION('',(1.,0.,0.));
#4166=DIRECTION('',(0.,0.,1.));
#4167=DIRECTION('',(1.,0.,0.));
#4168=DIRECTION('',(0.,0.,1.));
#4169=DIRECTION('',(1.,0.,0.));
#4170=DIRECTION('',(0.,0.,1.));
#4171=DIRECTION('',(1.,0.,0.));
#4172=DIRECTION('',(0.,0.,1.));
#4173=DIRECTION('',(1.,0.,0.));
#4174=DIRECTION('',(0.,0.,1.));
#4175=DIRECTION('',(1.,0.,0.));
#4176=DIRECTION('',(0.,0.,1.));
#4177=DIRECTION('',(1.,0.,0.));
#4178=DIRECTION('',(0.,0.,1.));
#4179=DIRECTION('',(1.,0.,0.));
#4180=DIRECTION('',(0.,0.,1.));
#4181=DIRECTION('',(1.,0.,0.));
#4182=DIRECTION('',(0.,0.,-1.));
#4183=DIRECTION('',(-1.,0.,0.));
#4184=DIRECTION('',(0.,0.,1.));
#4185=DIRECTION('',(1.,0.,0.));
#4186=DIRECTION('',(0.,0.,1.));
#4187=DIRECTION('',(1.,0.,0.));
#4188=DIRECTION('',(0.,0.766044443118978,0.64278760968654));
#4189=DIRECTION('',(0.,-0.64278760968654,0.766044443118978));
#4190=DIRECTION('',(1.,0.,0.));
#4191=DIRECTION('',(0.,0.6,0.8));
#4192=DIRECTION('',(0.,-0.8,0.6));
#4193=DIRECTION('',(1.,0.,0.));
#4194=DIRECTION('',(0.,-0.8,0.6));
#4195=DIRECTION('',(1.,0.,0.));
#4196=DIRECTION('',(0.,0.766044443118978,0.64278760968654));
#4197=DIRECTION('',(0.,-0.64278760968654,0.766044443118978));
#4198=DIRECTION('',(1.,0.,0.));
#4199=DIRECTION('',(-1.,0.,0.));
#4200=DIRECTION('',(0.,0.64278760968654,-0.766044443118978));
#4201=DIRECTION('',(-1.,0.,0.));
#4202=DIRECTION('',(0.,0.,1.));
#4203=DIRECTION('',(-1.,0.,0.));
#4204=DIRECTION('',(1.,0.,0.));
#4205=DIRECTION('',(0.,0.,-1.));
#4206=DIRECTION('',(1.,0.,0.));
#4207=DIRECTION('',(0.,1.,0.));
#4208=DIRECTION('',(0.,-1.,0.));
#4209=DIRECTION('',(0.,-0.866025403784439,0.5));
#4210=DIRECTION('',(0.,0.,-1.));
#4211=DIRECTION('',(0.,1.,0.));
#4212=DIRECTION('',(0.,-0.5,-0.866025403784439));
#4213=DIRECTION('',(0.,0.866025403784439,-0.5));
#4214=DIRECTION('',(0.,0.,1.));
#4215=DIRECTION('',(1.,0.,0.));
#4216=DIRECTION('',(0.,0.,1.));
#4217=DIRECTION('',(1.,0.,0.));
#4218=DIRECTION('',(1.,0.,0.));
#4219=DIRECTION('',(-1.,0.,0.));
#4220=DIRECTION('',(0.,0.,1.));
#4221=DIRECTION('',(-1.,0.,0.));
#4222=DIRECTION('',(0.,0.,1.));
#4223=DIRECTION('',(-1.,0.,0.));
#4224=DIRECTION('',(0.,-1.,0.));
#4225=DIRECTION('',(1.,0.,0.));
#4226=DIRECTION('',(0.,0.,-1.));
#4227=DIRECTION('',(1.,0.,0.));
#4228=DIRECTION('',(0.,0.,-1.));
#4229=DIRECTION('',(1.,0.,0.));
#4230=DIRECTION('',(0.,1.,0.));
#4231=DIRECTION('',(0.,0.,1.));
#4232=DIRECTION('',(1.,0.,0.));
#4233=DIRECTION('',(0.,0.,1.));
#4234=DIRECTION('',(1.,0.,0.));
#4235=DIRECTION('',(0.,0.,1.));
#4236=DIRECTION('',(1.,0.,0.));
#4237=DIRECTION('',(0.,0.,1.));
#4238=DIRECTION('',(1.,0.,0.));
#4239=DIRECTION('',(0.,0.,1.));
#4240=DIRECTION('',(1.,0.,0.));
#4241=DIRECTION('',(0.,0.,1.));
#4242=DIRECTION('',(1.,0.,0.));
#4243=DIRECTION('',(0.,0.,1.));
#4244=DIRECTION('',(1.,0.,0.));
#4245=DIRECTION('',(0.,0.,1.));
#4246=DIRECTION('',(1.,0.,0.));
#4247=DIRECTION('',(0.,0.,1.));
#4248=DIRECTION('',(1.,0.,0.));
#4249=DIRECTION('',(0.,0.,1.));
#4250=DIRECTION('',(1.,0.,0.));
#4251=DIRECTION('',(0.,0.,1.));
#4252=DIRECTION('',(1.,0.,0.));
#4253=DIRECTION('',(1.,0.,0.));
#4254=DIRECTION('',(0.,-1.,0.));
#4255=DIRECTION('',(0.,0.,-1.));
#4256=DIRECTION('',(0.,-1.,0.));
#4257=DIRECTION('',(0.,0.,-1.));
#4258=DIRECTION('',(0.,-1.,0.));
#4259=DIRECTION('',(0.,0.,-1.));
#4260=DIRECTION('',(0.,-1.,0.));
#4261=DIRECTION('',(0.,0.,-1.));
#4262=DIRECTION('',(0.,-1.,0.));
#4263=DIRECTION('',(0.,0.,-1.));
#4264=DIRECTION('',(0.,-1.,0.));
#4265=DIRECTION('',(0.,0.,-1.));
#4266=DIRECTION('',(0.,-1.,0.));
#4267=DIRECTION('',(0.,0.,-1.));
#4268=DIRECTION('',(1.,0.,0.));
#4269=DIRECTION('',(0.,0.,-1.));
#4270=DIRECTION('',(1.,0.,0.));
#4271=DIRECTION('',(0.,0.,-1.));
#4272=DIRECTION('',(1.,0.,0.));
#4273=DIRECTION('',(0.,1.,0.));
#4274=DIRECTION('',(-1.,0.,0.));
#4275=DIRECTION('',(0.,0.,1.));
#4276=DIRECTION('',(-1.,0.,0.));
#4277=DIRECTION('',(0.,0.,1.));
#4278=DIRECTION('',(-1.,0.,0.));
#4279=DIRECTION('',(0.,-1.,0.));
#4280=DIRECTION('',(0.,0.,1.));
#4281=DIRECTION('',(1.,0.,0.));
#4282=DIRECTION('',(0.,0.,1.));
#4283=DIRECTION('',(1.,0.,0.));
#4284=DIRECTION('',(0.,-1.,0.));
#4285=DIRECTION('',(0.,0.,-1.));
#4286=DIRECTION('',(0.,-1.,0.));
#4287=DIRECTION('',(0.,0.,-1.));
#4288=DIRECTION('',(0.,-1.,0.));
#4289=DIRECTION('',(0.,0.,-1.));
#4290=DIRECTION('',(0.,-1.,0.));
#4291=DIRECTION('',(1.,0.,0.));
#4292=DIRECTION('',(0.,-1.,0.));
#4293=DIRECTION('',(1.,0.,0.));
#4294=DIRECTION('',(0.,1.,0.));
#4295=DIRECTION('',(0.,0.,1.));
#4296=DIRECTION('',(0.,-1.,0.));
#4297=DIRECTION('',(0.,0.,-1.));
#4298=DIRECTION('',(0.,-1.,0.));
#4299=DIRECTION('',(1.,0.,0.));
#4300=DIRECTION('',(0.,1.,0.));
#4301=DIRECTION('',(0.,0.,1.));
#4302=DIRECTION('',(0.,-1.,0.));
#4303=DIRECTION('',(0.,0.,-1.));
#4304=DIRECTION('',(0.,-1.,0.));
#4305=DIRECTION('',(1.,0.,0.));
#4306=DIRECTION('',(0.,1.,0.));
#4307=DIRECTION('',(0.,0.,1.));
#4308=DIRECTION('',(0.,-1.,0.));
#4309=DIRECTION('',(0.,0.,-1.));
#4310=DIRECTION('',(0.,-1.,0.));
#4311=DIRECTION('',(1.,0.,0.));
#4312=DIRECTION('',(0.,1.,0.));
#4313=DIRECTION('',(0.,0.,1.));
#4314=DIRECTION('',(0.,-1.,0.));
#4315=DIRECTION('',(0.,0.,-1.));
#4316=DIRECTION('',(0.,-1.,0.));
#4317=DIRECTION('',(1.,0.,0.));
#4318=DIRECTION('',(0.,1.,0.));
#4319=DIRECTION('',(0.,0.,1.));
#4320=DIRECTION('',(0.,-1.,0.));
#4321=DIRECTION('',(0.,0.,-1.));
#4322=DIRECTION('',(0.,-1.,0.));
#4323=DIRECTION('',(1.,0.,0.));
#4324=DIRECTION('',(0.,0.,1.));
#4325=DIRECTION('',(1.,0.,0.));
#4326=DIRECTION('',(0.,1.,0.));
#4327=DIRECTION('',(1.22464679914735E-16,0.,-1.));
#4328=DIRECTION('',(0.,-1.,0.));
#4329=DIRECTION('',(-1.22464679914735E-16,0.,1.));
#4330=DIRECTION('',(0.,-1.,0.));
#4331=DIRECTION('',(-1.22464679914735E-16,0.,1.));
#4332=DIRECTION('',(0.,-1.,0.));
#4333=DIRECTION('',(-1.,0.,-1.22464679914735E-16));
#4334=DIRECTION('',(0.,-1.,0.));
#4335=DIRECTION('',(-1.22464679914735E-16,0.,1.));
#4336=DIRECTION('',(0.,-1.,0.));
#4337=DIRECTION('',(-1.22464679914735E-16,0.,1.));
#4338=DIRECTION('',(0.,-1.,0.));
#4339=DIRECTION('',(-1.22464679914735E-16,0.,1.));
#4340=DIRECTION('',(0.,-1.,0.));
#4341=DIRECTION('',(-1.22464679914735E-16,0.,1.));
#4342=DIRECTION('',(0.,-1.,0.));
#4343=DIRECTION('',(-1.22464679914735E-16,0.,1.));
#4344=DIRECTION('',(0.,-1.,0.));
#4345=DIRECTION('',(-1.,0.,-1.22464679914735E-16));
#4346=DIRECTION('',(0.,-1.,0.));
#4347=DIRECTION('',(-1.22464679914735E-16,0.,1.));
#4348=DIRECTION('',(0.,-1.,0.));
#4349=DIRECTION('',(-1.22464679914735E-16,0.,1.));
#4350=DIRECTION('',(0.,-1.,0.));
#4351=DIRECTION('',(-1.22464679914735E-16,0.,1.));
#4352=DIRECTION('',(0.,-1.,0.));
#4353=DIRECTION('',(-1.22464679914735E-16,0.,1.));
#4354=DIRECTION('',(0.,-1.,0.));
#4355=DIRECTION('',(-1.22464679914735E-16,0.,1.));
#4356=DIRECTION('',(0.,-1.,0.));
#4357=DIRECTION('',(-1.22464679914735E-16,0.,1.));
#4358=DIRECTION('',(0.,-1.,0.));
#4359=DIRECTION('',(-1.22464679914735E-16,0.,1.));
#4360=DIRECTION('',(0.,-1.,0.));
#4361=DIRECTION('',(-1.22464679914735E-16,0.,1.));
#4362=DIRECTION('',(0.,-1.,0.));
#4363=DIRECTION('',(-1.22464679914735E-16,0.,1.));
#4364=DIRECTION('',(0.,-1.,0.));
#4365=DIRECTION('',(-1.22464679914735E-16,0.,1.));
#4366=DIRECTION('',(0.,0.,1.));
#4367=DIRECTION('',(1.,0.,0.));
#4368=DIRECTION('',(-1.,0.,0.));
#4369=DIRECTION('',(0.,0.,1.));
#4370=DIRECTION('',(-1.,0.,0.));
#4371=DIRECTION('',(0.,0.,1.));
#4372=DIRECTION('',(-1.,0.,0.));
#4373=DIRECTION('',(-1.,0.,0.));
#4374=DIRECTION('',(0.,0.,1.));
#4375=DIRECTION('',(-1.,0.,0.));
#4376=DIRECTION('',(0.,-0.669118875449092,0.74315538786834));
#4377=DIRECTION('',(0.,-0.74315538786834,-0.669118875449092));
#4378=DIRECTION('',(0.,0.74315538786834,0.669118875449092));
#4379=DIRECTION('',(-1.,0.,0.));
#4380=DIRECTION('',(0.,0.74315538786834,0.669118875449092));
#4381=DIRECTION('',(-1.,0.,0.));
#4382=DIRECTION('',(0.,0.,1.));
#4383=DIRECTION('',(1.,0.,0.));
#4384=DIRECTION('',(0.,0.,-1.));
#4385=DIRECTION('',(-1.,0.,0.));
#4386=DIRECTION('',(1.,0.,0.));
#4387=DIRECTION('',(0.,0.,-1.));
#4388=DIRECTION('',(0.,-0.998939930388261,-0.046032765242767));
#4389=DIRECTION('',(0.,0.046032765242767,-0.998939930388261));
#4390=DIRECTION('',(0.,-0.046032765242767,0.998939930388261));
#4391=DIRECTION('',(-1.,0.,0.));
#4392=DIRECTION('',(0.,-0.046032765242767,0.998939930388261));
#4393=DIRECTION('',(0.,0.,1.));
#4394=DIRECTION('',(1.,0.,0.));
#4395=DIRECTION('',(0.,1.,0.));
#4396=DIRECTION('',(1.,0.,0.));
#4397=DIRECTION('',(0.,1.,0.));
#4398=DIRECTION('',(0.,1.,0.));
#4399=DIRECTION('',(-1.,0.,0.));
#4400=DIRECTION('',(0.,1.,0.));
#4401=DIRECTION('',(1.,0.,0.));
#4402=DIRECTION('',(0.,-0.998939930388261,0.0460327652427666));
#4403=DIRECTION('',(0.,-0.0460327652427666,-0.998939930388261));
#4404=DIRECTION('',(0.,0.0460327652427666,0.998939930388261));
#4405=DIRECTION('',(-1.,0.,0.));
#4406=DIRECTION('',(0.,0.0460327652427666,0.998939930388261));
#4407=DIRECTION('',(0.,0.615673914301256,-0.788001035055773));
#4408=DIRECTION('',(0.,0.788001035055773,0.615673914301256));
#4409=DIRECTION('',(0.,-0.788001035055773,-0.615673914301256));
#4410=DIRECTION('',(0.,-0.788001035055773,-0.615673914301256));
#4411=DIRECTION('',(1.,0.,0.));
#4412=DIRECTION('',(0.,1.,0.));
#4413=DIRECTION('',(0.,0.,1.));
#4414=DIRECTION('',(0.,0.,-1.));
#4415=DIRECTION('',(0.,-1.,0.));
#4416=DIRECTION('',(1.,0.,0.));
#4417=DIRECTION('',(0.,0.,-1.));
#4418=DIRECTION('',(1.,0.,0.));
#4419=DIRECTION('',(0.,1.,0.));
#4420=DIRECTION('',(1.,0.,0.));
#4421=DIRECTION('',(0.,0.,-1.));
#4422=DIRECTION('',(1.,0.,0.));
#4423=DIRECTION('',(0.,0.,-1.));
#4424=DIRECTION('',(-1.,0.,0.));
#4425=DIRECTION('',(0.,0.,1.));
#4426=DIRECTION('',(0.,1.,0.));
#4427=DIRECTION('',(0.,0.,1.));
#4428=DIRECTION('',(1.,0.,0.));
#4429=DIRECTION('',(0.,0.,1.));
#4430=DIRECTION('',(0.,0.,1.));
#4431=DIRECTION('',(1.,0.,0.));
#4432=DIRECTION('',(1.,0.,0.));
#4433=DIRECTION('',(0.,-1.,0.));
#4434=DIRECTION('',(0.,-1.,0.));
#4435=DIRECTION('',(0.,0.,-1.));
#4436=DIRECTION('',(0.,0.,-1.));
#4437=DIRECTION('',(1.,0.,0.));
#4438=DIRECTION('',(0.,1.,0.));
#4439=DIRECTION('',(1.,0.,0.));
#4440=DIRECTION('',(0.,0.,-1.));
#4441=DIRECTION('',(1.,0.,0.));
#4442=DIRECTION('',(0.,0.,-1.));
#4443=DIRECTION('',(0.,0.,1.));
#4444=DIRECTION('',(1.,0.,0.));
#4445=DIRECTION('',(-1.,0.,0.));
#4446=DIRECTION('',(0.,1.,0.));
#4447=DIRECTION('',(-1.,0.,0.));
#4448=DIRECTION('',(0.,0.,1.));
#4449=DIRECTION('',(0.,1.,0.));
#4450=DIRECTION('',(0.,0.,1.));
#4451=DIRECTION('',(0.,-1.,0.));
#4452=DIRECTION('',(0.,-8.67361737988404E-17,-1.));
#4453=DIRECTION('',(0.,1.,0.));
#4454=DIRECTION('',(0.,-0.046032765242767,0.998939930388261));
#4455=DIRECTION('',(1.,0.,0.));
#4456=DIRECTION('',(0.,0.,-1.));
#4457=DIRECTION('',(0.,0.74315538786834,0.669118875449092));
#4458=DIRECTION('',(-1.,0.,0.));
#4459=DIRECTION('',(0.,0.,1.));
#4460=DIRECTION('',(0.,-0.788001035055773,-0.615673914301256));
#4461=DIRECTION('',(0.,0.0460327652427666,0.998939930388261));
#4462=DIRECTION('',(1.,0.,0.));
#4463=DIRECTION('',(0.,0.,1.));
#4464=DIRECTION('',(-1.,0.,0.));
#4465=DIRECTION('',(0.,0.,1.));
#4466=DIRECTION('',(1.,0.,0.));
#4467=DIRECTION('',(1.,0.,0.));
#4468=DIRECTION('',(0.,-0.669118875449092,0.74315538786834));
#4469=DIRECTION('',(0.,-0.74315538786834,-0.669118875449092));
#4470=DIRECTION('',(0.,0.74315538786834,0.669118875449092));
#4471=DIRECTION('',(1.,0.,0.));
#4472=DIRECTION('',(1.,0.,0.));
#4473=DIRECTION('',(0.,0.,1.));
#4474=DIRECTION('',(1.,0.,0.));
#4475=DIRECTION('',(0.,0.,-1.));
#4476=DIRECTION('',(1.,0.,0.));
#4477=DIRECTION('',(0.,-0.998939930388261,-0.046032765242767));
#4478=DIRECTION('',(0.,0.046032765242767,-0.998939930388261));
#4479=DIRECTION('',(0.,-0.046032765242767,0.998939930388261));
#4480=DIRECTION('',(1.,0.,0.));
#4481=DIRECTION('',(0.,0.,1.));
#4482=DIRECTION('',(-1.,0.,0.));
#4483=DIRECTION('',(0.,1.,0.));
#4484=DIRECTION('',(-1.,0.,0.));
#4485=DIRECTION('',(1.,0.,0.));
#4486=DIRECTION('',(0.,1.,0.));
#4487=DIRECTION('',(-1.,0.,0.));
#4488=DIRECTION('',(0.,-0.998939930388261,0.0460327652427666));
#4489=DIRECTION('',(0.,-0.0460327652427666,-0.998939930388261));
#4490=DIRECTION('',(0.,0.0460327652427666,0.998939930388261));
#4491=DIRECTION('',(1.,0.,0.));
#4492=DIRECTION('',(0.,0.615673914301256,-0.788001035055773));
#4493=DIRECTION('',(0.,0.788001035055773,0.615673914301256));
#4494=DIRECTION('',(0.,-0.788001035055773,-0.615673914301256));
#4495=DIRECTION('',(-1.,0.,0.));
#4496=DIRECTION('',(0.,1.,0.));
#4497=DIRECTION('',(-1.,0.,0.));
#4498=DIRECTION('',(0.,0.,1.));
#4499=DIRECTION('',(-1.,0.,0.));
#4500=DIRECTION('',(0.,0.,1.));
#4501=DIRECTION('',(1.,0.,0.));
#4502=DIRECTION('',(0.,0.,-1.));
#4503=DIRECTION('',(0.,-1.,0.));
#4504=DIRECTION('',(0.,0.,-1.));
#4505=DIRECTION('',(0.,0.,1.));
#4506=DIRECTION('',(-1.,0.,0.));
#4507=DIRECTION('',(0.,1.,-8.67361737988404E-17));
#4508=DIRECTION('',(0.,8.67361737988404E-17,1.));
#4509=DIRECTION('',(-1.,0.,0.));
#4510=DIRECTION('',(0.,-8.67361737988404E-17,-1.));
#4511=DIRECTION('',(0.,0.,-1.));
#4512=DIRECTION('',(-1.,0.,0.));
#4513=DIRECTION('',(0.,-1.,0.));
#4514=DIRECTION('',(-1.,0.,0.));
#4515=DIRECTION('',(0.,-1.,0.));
#4516=DIRECTION('',(-1.,0.,0.));
#4517=DIRECTION('',(0.,0.,1.));
#4518=DIRECTION('',(-1.,0.,0.));
#4519=DIRECTION('',(0.,0.,1.));
#4520=DIRECTION('',(0.,0.,1.));
#4521=DIRECTION('',(1.,0.,0.));
#4522=DIRECTION('',(0.,0.,1.));
#4523=DIRECTION('',(1.,0.,0.));
#4524=DIRECTION('',(0.,1.,0.));
#4525=DIRECTION('',(-1.,0.,0.));
#4526=DIRECTION('',(0.,-1.,0.));
#4527=DIRECTION('',(-1.,0.,0.));
#4528=DIRECTION('',(1.,0.,0.));
#4529=DIRECTION('',(0.,0.,-1.));
#4530=DIRECTION('',(-1.,0.,0.));
#4531=DIRECTION('',(0.,0.,1.));
#4532=DIRECTION('',(1.,0.,0.));
#4533=DIRECTION('',(0.,0.,-1.));
#4534=DIRECTION('',(-1.,0.,0.));
#4535=DIRECTION('',(0.,0.,1.));
#4536=DIRECTION('',(0.,0.,-1.));
#4537=DIRECTION('',(0.,1.,-8.67361737988404E-17));
#4538=DIRECTION('',(0.,8.67361737988404E-17,1.));
#4539=DIRECTION('',(0.,-1.,0.));
#4540=DIRECTION('',(0.,8.67361737988404E-17,1.));
#4541=DIRECTION('',(0.,1.,-8.67361737988404E-17));
#4542=DIRECTION('',(0.,0.,-1.));
#4543=DIRECTION('',(1.,0.,0.));
#4544=DIRECTION('',(0.,0.,1.));
#4545=DIRECTION('',(0.,-1.,0.));
#4546=DIRECTION('',(0.,0.,-1.));
#4547=DIRECTION('',(0.,8.67361737988404E-17,1.));
#4548=DIRECTION('',(0.,-1.,8.67361737988404E-17));
#4549=DIRECTION('',(0.,-8.67361737988404E-17,-1.));
#4550=DIRECTION('',(0.,-1.,8.67361737988404E-17));
#4551=DIRECTION('',(0.,-8.67361737988404E-17,-1.));
#4552=DIRECTION('',(0.,8.67361737988404E-17,1.));
#4553=DIRECTION('',(-1.,0.,0.));
#4554=DIRECTION('',(0.,1.,0.));
#4555=DIRECTION('',(0.,0.,1.));
#4556=DIRECTION('',(1.,0.,0.));
#4557=DIRECTION('',(0.,0.,-1.));
#4558=DIRECTION('',(0.,1.,0.));
#4559=DIRECTION('',(0.,0.,1.));
#4560=DIRECTION('',(1.,0.,0.));
#4561=DIRECTION('',(0.,0.,1.));
#4562=DIRECTION('',(0.,-1.,0.));
#4563=DIRECTION('',(0.,1.,-8.67361737988404E-17));
#4564=DIRECTION('',(0.,0.,1.));
#4565=DIRECTION('',(1.,0.,0.));
#4566=DIRECTION('',(0.,1.,-8.67361737988404E-17));
#4567=DIRECTION('',(0.,8.67361737988404E-17,1.));
#4568=DIRECTION('',(0.,-1.,8.67361737988404E-17));
#4569=DIRECTION('',(0.,-8.67361737988404E-17,-1.));
#4570=DIRECTION('',(0.,-1.,8.67361737988404E-17));
#4571=DIRECTION('',(0.,-8.67361737988404E-17,-1.));
#4572=DIRECTION('',(0.,1.,-8.67361737988404E-17));
#4573=DIRECTION('',(-1.,5.01262727128223E-32,5.77916577564002E-16));
#4574=DIRECTION('',(5.77916577564002E-16,0.,1.));
#4575=DIRECTION('',(5.77916577564002E-16,8.67361737988404E-17,1.));
#4576=DIRECTION('',(0.,1.,-8.67361737988404E-17));
#4577=DIRECTION('',(5.77916577564002E-16,8.67361737988404E-17,1.));
#4578=DIRECTION('',(0.,1.,-8.67361737988404E-17));
#4579=DIRECTION('',(0.,8.67361737988404E-17,1.));
#4580=DIRECTION('',(0.,-1.,8.67361737988404E-17));
#4581=DIRECTION('',(0.,-8.67361737988404E-17,-1.));
#4582=DIRECTION('',(0.,-1.,8.67361737988404E-17));
#4583=DIRECTION('',(0.,-8.67361737988404E-17,-1.));
#4584=DIRECTION('',(0.,-1.,8.67361737988404E-17));
#4585=DIRECTION('',(1.,0.,0.));
#4586=DIRECTION('',(0.,-1.,8.67361737988404E-17));
#4587=DIRECTION('',(1.,0.,0.));
#4588=DIRECTION('',(0.,0.,1.));
#4589=DIRECTION('',(1.,0.,0.));
#4590=DIRECTION('',(-1.,0.,0.));
#4591=DIRECTION('',(0.,0.,-1.));
#4592=DIRECTION('',(-1.,0.,0.));
#4593=DIRECTION('',(0.,0.,1.));
#4594=DIRECTION('',(-1.,0.,0.));
#4595=DIRECTION('',(-1.,0.,0.));
#4596=DIRECTION('',(0.,0.,1.));
#4597=DIRECTION('',(-1.,0.,0.));
#4598=DIRECTION('',(0.,0.5,0.866025403784439));
#4599=DIRECTION('',(0.,-0.866025403784439,0.5));
#4600=DIRECTION('',(0.,-0.866025403784439,0.5));
#4601=DIRECTION('',(0.,-0.866025403784439,0.5));
#4602=DIRECTION('',(-1.,0.,0.));
#4603=DIRECTION('',(-1.,0.,0.));
#4604=DIRECTION('',(0.,0.,-1.));
#4605=DIRECTION('',(-1.,0.,0.));
#4606=DIRECTION('',(0.,0.,1.));
#4607=DIRECTION('',(-1.,0.,0.));
#4608=DIRECTION('',(0.,0.,1.));
#4609=DIRECTION('',(-1.,0.,0.));
#4610=DIRECTION('',(0.,0.5,0.866025403784439));
#4611=DIRECTION('',(0.,-0.866025403784439,0.5));
#4612=DIRECTION('',(0.,-0.866025403784439,0.5));
#4613=DIRECTION('',(0.,-0.866025403784439,0.5));
#4614=DIRECTION('',(1.,0.,0.));
#4615=DIRECTION('',(0.,-1.,0.));
#4616=DIRECTION('',(1.,0.,0.));
#4617=DIRECTION('',(0.,0.,-1.));
#4618=DIRECTION('',(1.,0.,0.));
#4619=DIRECTION('',(0.,0.,-1.));
#4620=DIRECTION('',(1.,0.,0.));
#4621=DIRECTION('',(0.,-1.,0.));
#4622=DIRECTION('',(1.,0.,0.));
#4623=DIRECTION('',(0.,0.,-1.));
#4624=DIRECTION('',(1.,0.,0.));
#4625=DIRECTION('',(0.,0.,-1.));
#4626=DIRECTION('',(1.,0.,0.));
#4627=DIRECTION('',(0.,0.,-1.));
#4628=DIRECTION('',(1.,0.,0.));
#4629=DIRECTION('',(0.,0.,-1.));
#4630=DIRECTION('',(-1.,0.,0.));
#4631=DIRECTION('',(0.,0.,1.));
#4632=DIRECTION('',(-1.,0.,0.));
#4633=DIRECTION('',(0.,0.,1.));
#4634=DIRECTION('',(-1.,0.,0.));
#4635=DIRECTION('',(0.,0.,1.));
#4636=DIRECTION('',(1.,0.,0.));
#4637=DIRECTION('',(0.,0.,-1.));
#4638=DIRECTION('',(1.,0.,0.));
#4639=DIRECTION('',(0.,0.,-1.));
#4640=DIRECTION('',(1.,0.,0.));
#4641=DIRECTION('',(0.,1.,0.));
#4642=DIRECTION('',(1.,0.,0.));
#4643=DIRECTION('',(0.,0.,-1.));
#4644=DIRECTION('',(-1.,0.,0.));
#4645=DIRECTION('',(0.,0.,1.));
#4646=DIRECTION('',(0.,0.,1.));
#4647=DIRECTION('',(1.,0.,0.));
#4648=DIRECTION('',(0.,0.,1.));
#4649=DIRECTION('',(1.,0.,0.));
#4650=DIRECTION('',(1.,0.,0.));
#4651=DIRECTION('',(0.,1.,0.));
#4652=DIRECTION('',(1.,0.,0.));
#4653=DIRECTION('',(0.,-1.,0.));
#4654=DIRECTION('',(-1.,0.,0.));
#4655=DIRECTION('',(0.,0.,1.));
#4656=DIRECTION('',(-1.,0.,0.));
#4657=DIRECTION('',(0.,0.,1.));
#4658=DIRECTION('',(-1.,0.,0.));
#4659=DIRECTION('',(0.,0.,1.));
#4660=DIRECTION('',(-1.,0.,0.));
#4661=DIRECTION('',(0.,0.,1.));
#4662=DIRECTION('',(0.,1.,0.));
#4663=DIRECTION('',(0.,8.67361737988404E-17,1.));
#4664=DIRECTION('',(0.,0.,-1.));
#4665=DIRECTION('',(-1.,0.,0.));
#4666=DIRECTION('',(0.,0.,1.));
#4667=DIRECTION('',(0.,0.,-1.));
#4668=DIRECTION('',(0.,1.,-8.67361737988404E-17));
#4669=DIRECTION('',(0.,-8.67361737988404E-17,-1.));
#4670=DIRECTION('',(0.,-1.,0.));
#4671=DIRECTION('',(0.,-8.67361737988404E-17,-1.));
#4672=DIRECTION('',(0.,1.,-8.67361737988404E-17));
#4673=DIRECTION('',(0.,0.,-1.));
#4674=DIRECTION('',(0.,-1.,8.67361737988404E-17));
#4675=DIRECTION('',(0.,-8.67361737988404E-17,-1.));
#4676=DIRECTION('',(-1.,0.,0.));
#4677=DIRECTION('',(0.,8.67361737988404E-17,1.));
#4678=DIRECTION('',(0.,-1.,8.67361737988404E-17));
#4679=DIRECTION('',(0.,-8.67361737988404E-17,-1.));
#4680=DIRECTION('',(0.,1.,0.));
#4681=DIRECTION('',(0.,0.,1.));
#4682=DIRECTION('',(0.,1.,0.));
#4683=DIRECTION('',(0.,0.,1.));
#4684=DIRECTION('',(0.,0.,-1.));
#4685=DIRECTION('',(1.,0.,0.));
#4686=DIRECTION('',(-1.,0.,0.));
#4687=DIRECTION('',(0.,0.,1.));
#4688=DIRECTION('',(0.,1.,0.));
#4689=DIRECTION('',(0.,1.,-8.67361737988404E-17));
#4690=DIRECTION('',(0.,0.,1.));
#4691=DIRECTION('',(-1.,0.,0.));
#4692=DIRECTION('',(-1.,5.01262727128223E-32,5.77916577564002E-16));
#4693=DIRECTION('',(5.77916577564002E-16,0.,1.));
#4694=DIRECTION('',(5.77916577564002E-16,8.67361737988404E-17,1.));
#4695=DIRECTION('',(0.,1.,-8.67361737988404E-17));
#4696=DIRECTION('',(5.77916577564002E-16,8.67361737988404E-17,1.));
#4697=DIRECTION('',(0.,1.,-8.67361737988404E-17));
#4698=DIRECTION('',(0.,1.,-8.67361737988404E-17));
#4699=DIRECTION('',(0.,8.67361737988404E-17,1.));
#4700=DIRECTION('',(0.,-1.,8.67361737988404E-17));
#4701=DIRECTION('',(0.,-8.67361737988404E-17,-1.));
#4702=DIRECTION('',(0.,-1.,8.67361737988404E-17));
#4703=DIRECTION('',(0.,-8.67361737988404E-17,-1.));
#4704=DIRECTION('',(0.,1.,-8.67361737988404E-17));
#4705=DIRECTION('',(0.,8.67361737988404E-17,1.));
#4706=DIRECTION('',(0.,-1.,8.67361737988404E-17));
#4707=DIRECTION('',(0.,-8.67361737988404E-17,-1.));
#4708=DIRECTION('',(0.,-1.,8.67361737988404E-17));
#4709=DIRECTION('',(0.,-8.67361737988404E-17,-1.));
#4710=DIRECTION('',(0.,-1.,8.67361737988404E-17));
#4711=DIRECTION('',(1.,0.,0.));
#4712=DIRECTION('',(0.,-1.,8.67361737988404E-17));
#4713=DIRECTION('',(1.,0.,0.));
#4714=CARTESIAN_POINT('',(0.,0.,0.));
#4715=CARTESIAN_POINT('',(-0.056,0.,-0.012));
#4716=CARTESIAN_POINT('',(-0.046,0.,-0.012));
#4717=CARTESIAN_POINT('',(-0.046,-0.004,-0.0189282032302755));
#4718=CARTESIAN_POINT('',(-0.046,0.004,-0.00507179676972449));
#4719=CARTESIAN_POINT('',(-0.056,0.004,-0.00507179676972449));
#4720=CARTESIAN_POINT('',(-0.056,0.004,-0.00507179676972449));
#4721=CARTESIAN_POINT('',(-0.056,0.,-0.012));
#4722=CARTESIAN_POINT('',(-0.056,-0.004,-0.0189282032302755));
#4723=CARTESIAN_POINT('',(-0.056,-0.004,-0.0189282032302755));
#4724=CARTESIAN_POINT('',(-0.056,0.0260836477965032,-0.0178217967697245));
#4725=CARTESIAN_POINT('',(-0.046,0.0260836477965032,-0.0178217967697245));
#4726=CARTESIAN_POINT('',(-0.046,0.0481672955930064,-0.0305717967697245));
#4727=CARTESIAN_POINT('',(-0.056,0.0481672955930064,-0.0305717967697245));
#4728=CARTESIAN_POINT('',(-0.056,0.0481672955930064,-0.0305717967697245));
#4729=CARTESIAN_POINT('',(-0.056,0.0260836477965032,-0.0178217967697245));
#4730=CARTESIAN_POINT('',(-0.056,0.0441672955930064,-0.0375));
#4731=CARTESIAN_POINT('',(-0.046,0.0441672955930064,-0.0375));
#4732=CARTESIAN_POINT('',(-0.046,0.0401672955930064,-0.0444282032302755));
#4733=CARTESIAN_POINT('',(-0.056,0.0401672955930064,-0.0444282032302755));
#4734=CARTESIAN_POINT('',(-0.056,0.0401672955930064,-0.0444282032302755));
#4735=CARTESIAN_POINT('',(-0.056,0.0441672955930064,-0.0375));
#4736=CARTESIAN_POINT('',(-0.056,0.0180836477965032,-0.0316782032302755));
#4737=CARTESIAN_POINT('',(-0.046,0.0180836477965032,-0.0316782032302755));
#4738=CARTESIAN_POINT('',(-0.056,0.0180836477965032,-0.0316782032302755));
#4739=CARTESIAN_POINT('',(-0.056,0.0220836477965032,-0.01725));
#4740=CARTESIAN_POINT('',(-0.056,0.,-0.012));
#4741=CARTESIAN_POINT('',(-0.056,0.,-0.01025));
#4742=CARTESIAN_POINT('',(-0.056,0.0441672955930064,-0.0375));
#4743=CARTESIAN_POINT('',(-0.056,0.0441672955930064,-0.03575));
#4744=CARTESIAN_POINT('',(-0.046,0.0220836477965032,-0.01725));
#4745=CARTESIAN_POINT('',(-0.046,0.,-0.012));
#4746=CARTESIAN_POINT('',(-0.046,0.,-0.008));
#4747=CARTESIAN_POINT('',(-0.046,0.0441672955930064,-0.0375));
#4748=CARTESIAN_POINT('',(-0.046,0.0441672955930064,-0.03575));
#4749=CARTESIAN_POINT('',(-0.031,0.0441672955930064,-0.0375));
#4750=CARTESIAN_POINT('',(-0.031,0.,-0.012));
#4751=CARTESIAN_POINT('',(-0.036,0.,-0.012));
#4752=CARTESIAN_POINT('',(-0.036,0.,-0.01375));
#4753=CARTESIAN_POINT('',(-0.036,0.,-0.02));
#4754=CARTESIAN_POINT('',(-0.036,0.,-0.012));
#4755=CARTESIAN_POINT('',(-0.036,0.,-0.0155));
#4756=CARTESIAN_POINT('',(-0.02,0.,-0.012));
#4757=CARTESIAN_POINT('',(-0.045,0.,-0.012));
#4758=CARTESIAN_POINT('',(-0.045,0.,-0.0085));
#4759=CARTESIAN_POINT('',(-0.046,0.,-0.012));
#4760=CARTESIAN_POINT('',(-0.045,0.,-0.012));
#4761=CARTESIAN_POINT('',(-0.045,0.,-0.008));
#4762=CARTESIAN_POINT('',(-0.045,0.,-0.012));
#4763=CARTESIAN_POINT('',(0.,0.,0.));
#4764=CARTESIAN_POINT('',(-3.06161699786838E-18,0.0255,0.043));
#4765=CARTESIAN_POINT('',(-3.06161699786838E-18,0.02558365,0.043));
#4766=CARTESIAN_POINT('',(0.02,0.02558365,0.043));
#4767=CARTESIAN_POINT('',(0.0178955301681732,0.02558365,0.043));
#4768=CARTESIAN_POINT('',(0.0178955301681732,0.04358365,0.043));
#4769=CARTESIAN_POINT('',(0.0178955301681732,0.01858365,0.043));
#4770=CARTESIAN_POINT('',(-3.06161699786838E-18,0.01858365,0.043));
#4771=CARTESIAN_POINT('',(0.02,0.01858365,0.043));
#4772=CARTESIAN_POINT('',(0.02,0.02208365,0.043));
#4773=CARTESIAN_POINT('',(-3.06161699786838E-18,0.01858365,0.043));
#4774=CARTESIAN_POINT('',(0.016,0.01858365,0.037));
#4775=CARTESIAN_POINT('',(0.016,0.01858365,0.0384));
#4776=CARTESIAN_POINT('',(-0.016,0.01858365,0.037));
#4777=CARTESIAN_POINT('',(-0.016,0.01858365,0.0384));
#4778=CARTESIAN_POINT('',(-3.0310008278897E-18,0.01858365,0.053));
#4779=CARTESIAN_POINT('',(-0.0178955301681733,0.01858365,0.043));
#4780=CARTESIAN_POINT('',(-3.06161699786838E-18,0.01858365,0.043));
#4781=CARTESIAN_POINT('',(-0.02,0.01858365,0.043));
#4782=CARTESIAN_POINT('',(-0.02,0.01858365,0.043));
#4783=CARTESIAN_POINT('',(-0.02,0.01858365,0.011));
#4784=CARTESIAN_POINT('',(8.57252759403147E-19,0.01858365,0.011));
#4785=CARTESIAN_POINT('',(0.02,0.01858365,0.011));
#4786=CARTESIAN_POINT('',(0.02,0.01858365,0.043));
#4787=CARTESIAN_POINT('',(0.02,0.02208365,0.043));
#4788=CARTESIAN_POINT('',(0.02,0.02208365,0.011));
#4789=CARTESIAN_POINT('',(0.02,0.02558365,0.011));
#4790=CARTESIAN_POINT('',(0.02,0.02558365,0.043));
#4791=CARTESIAN_POINT('',(-3.06161699786838E-18,0.02558365,0.043));
#4792=CARTESIAN_POINT('',(0.016,0.02558365,0.037));
#4793=CARTESIAN_POINT('',(0.016,0.02558365,0.0384));
#4794=CARTESIAN_POINT('',(-0.016,0.02558365,0.037));
#4795=CARTESIAN_POINT('',(-0.016,0.02558365,0.0384));
#4796=CARTESIAN_POINT('',(-3.06161699786838E-18,0.02558365,0.043));
#4797=CARTESIAN_POINT('',(-0.0178955301681733,0.02558365,0.043));
#4798=CARTESIAN_POINT('',(-0.02,0.02558365,0.043));
#4799=CARTESIAN_POINT('',(-3.0310008278897E-18,0.02558365,0.053));
#4800=CARTESIAN_POINT('',(8.57252759403147E-19,0.02558365,0.011));
#4801=CARTESIAN_POINT('',(-0.02,0.02558365,0.011));
#4802=CARTESIAN_POINT('',(-0.02,0.02558365,0.043));
#4803=CARTESIAN_POINT('',(-0.01,0.02208365,0.043));
#4804=CARTESIAN_POINT('',(-0.00907067256274324,0.0208397754286259,0.0346062511390912));
#4805=CARTESIAN_POINT('',(-0.00842484947210988,0.0219367126636383,0.0343119277507954));
#4806=CARTESIAN_POINT('',(-0.00886440274658018,0.0231550362427372,0.0345087628211627));
#4807=CARTESIAN_POINT('',(-0.00991515707797484,0.0236098858562185,0.0350419168772757));
#4808=CARTESIAN_POINT('',(-0.0107709582580586,0.023343649913504,0.0355522884171002));
#4809=CARTESIAN_POINT('',(-0.0112532408463713,0.022789829623401,0.0358637769898785));
#4810=CARTESIAN_POINT('',(-0.0114366566318519,0.0222199756109349,0.0359867485902056));
#4811=CARTESIAN_POINT('',(-0.0113634495034495,0.0216163431754341,0.0359373000340222));
#4812=CARTESIAN_POINT('',(-0.0109665656247942,0.0209578086901186,0.0356757407038044));
#4813=CARTESIAN_POINT('',(-0.0101478336554497,0.0205658433878962,0.0351727047562876));
#4814=CARTESIAN_POINT('',(-0.00907067256274324,0.0208397754286259,0.0346062511390912));
#4815=CARTESIAN_POINT('',(-0.00842484947210988,0.0219367126636383,0.0343119277507954));
#4816=CARTESIAN_POINT('',(-0.00886440274658018,0.0231550362427372,0.0345087628211627));
#4817=CARTESIAN_POINT('',(-0.0086057455329609,0.0219569437209862,0.0343937874939061));
#4818=CARTESIAN_POINT('',(-0.01,0.02208365,0.011));
#4819=CARTESIAN_POINT('',(-0.0086,0.02208365,0.011));
#4820=CARTESIAN_POINT('',(-0.02,0.02208365,0.043));
#4821=CARTESIAN_POINT('',(-0.02,0.02208365,0.011));
#4822=CARTESIAN_POINT('',(-0.02,0.02208365,0.043));
#4823=CARTESIAN_POINT('',(0.01,0.02208365,0.043));
#4824=CARTESIAN_POINT('',(0.0112394732797867,0.0213535954484483,0.0358546625556089));
#4825=CARTESIAN_POINT('',(0.0114337906072447,0.0219194851665707,0.0359847983818038));
#4826=CARTESIAN_POINT('',(0.0113720111144203,0.0225251195734611,0.0359430720484573));
#4827=CARTESIAN_POINT('',(0.0109882883418703,0.0231905586334896,0.0356896800394175));
#4828=CARTESIAN_POINT('',(0.0101742696259746,0.0235987690695527,0.0351878838120291));
#4829=CARTESIAN_POINT('',(0.00909817396547245,0.0233444293245466,0.0346195604156696));
#4830=CARTESIAN_POINT('',(0.00842979151920602,0.0222728249546648,0.0343140730407178));
#4831=CARTESIAN_POINT('',(0.00883893860336923,0.0210368994291698,0.0344969604261696));
#4832=CARTESIAN_POINT('',(0.00988504365721168,0.0205589268435585,0.0350252890801458));
#4833=CARTESIAN_POINT('',(0.0107462542457053,0.0208087469037469,0.0355368908150253));
#4834=CARTESIAN_POINT('',(0.0112394732797867,0.0213535954484483,0.0358546625556089));
#4835=CARTESIAN_POINT('',(0.0114337906072447,0.0219194851665707,0.0359847983818038));
#4836=CARTESIAN_POINT('',(0.0113720111144203,0.0225251195734611,0.0359430720484573));
#4837=CARTESIAN_POINT('',(0.0113911078038643,0.0219261092813654,0.0359561546885469));
#4838=CARTESIAN_POINT('',(0.01,0.02208365,0.011));
#4839=CARTESIAN_POINT('',(0.0114,0.02208365,0.011));
#4840=CARTESIAN_POINT('',(-3.06161699786838E-18,0.0255,0.043));
#4841=CARTESIAN_POINT('',(-0.0178955301681733,0.04358365,0.043));
#4842=CARTESIAN_POINT('',(-3.0310008278897E-18,0.04358365,0.053));
#4843=CARTESIAN_POINT('',(-0.016,0.01258365,0.037));
#4844=CARTESIAN_POINT('',(0.016,0.01258365,0.037));
#4845=CARTESIAN_POINT('',(8.57252759403147E-19,0.0255,0.011));
#4846=CARTESIAN_POINT('',(0.,0.,0.));
#4847=CARTESIAN_POINT('',(-3.3983948676339E-18,0.02558365,0.04575));
#4848=CARTESIAN_POINT('',(-0.016,0.02558365,0.037));
#4849=CARTESIAN_POINT('',(-0.016,0.02558365,0.035));
#4850=CARTESIAN_POINT('',(-0.01225,0.02558365,0.033));
#4851=CARTESIAN_POINT('',(-0.02,0.02558365,0.033));
#4852=CARTESIAN_POINT('',(-0.00450000000000009,0.02558365,0.033));
#4853=CARTESIAN_POINT('',(-8.16816845062121E-19,0.02558365,0.053));
#4854=CARTESIAN_POINT('',(-0.02,0.02558365,0.0485));
#4855=CARTESIAN_POINT('',(-0.02,0.02558365,0.043));
#4856=CARTESIAN_POINT('',(-3.3983948676339E-18,0.02558365,0.04575));
#4857=CARTESIAN_POINT('',(-0.016,0.02558365,0.069));
#4858=CARTESIAN_POINT('',(-0.016,0.02558365,0.067));
#4859=CARTESIAN_POINT('',(-0.02,0.02558365,0.043));
#4860=CARTESIAN_POINT('',(-0.02,0.02558365,0.073));
#4861=CARTESIAN_POINT('',(-0.02,0.02558365,0.0575));
#4862=CARTESIAN_POINT('',(-8.16816845062121E-19,0.02558365,0.053));
#4863=CARTESIAN_POINT('',(-0.00449999999999994,0.02558365,0.073));
#4864=CARTESIAN_POINT('',(0.01225,0.02558365,0.073));
#4865=CARTESIAN_POINT('',(-3.3983948676339E-18,0.02558365,0.04575));
#4866=CARTESIAN_POINT('',(0.016,0.02558365,0.069));
#4867=CARTESIAN_POINT('',(0.016,0.02558365,0.067));
#4868=CARTESIAN_POINT('',(0.01225,0.02558365,0.073));
#4869=CARTESIAN_POINT('',(0.00449999999999993,0.02558365,0.073));
#4870=CARTESIAN_POINT('',(0.02,0.02558365,0.073));
#4871=CARTESIAN_POINT('',(-8.16816845062121E-19,0.02558365,0.053));
#4872=CARTESIAN_POINT('',(0.02,0.02558365,0.0575));
#4873=CARTESIAN_POINT('',(0.02,0.02558365,0.043));
#4874=CARTESIAN_POINT('',(-0.02,0.03758365,0.043));
#4875=CARTESIAN_POINT('',(-0.02,0.03758365,0.073));
#4876=CARTESIAN_POINT('',(-0.02,0.03758365,0.073));
#4877=CARTESIAN_POINT('',(-0.02,0.03758365,0.043));
#4878=CARTESIAN_POINT('',(-0.02,0.03758365,0.033));
#4879=CARTESIAN_POINT('',(-0.02,0.03758365,0.033));
#4880=CARTESIAN_POINT('',(-0.02,0.02558365,0.043));
#4881=CARTESIAN_POINT('',(0.01225,0.03758365,0.073));
#4882=CARTESIAN_POINT('',(0.01225,0.02558365,0.073));
#4883=CARTESIAN_POINT('',(0.02,0.03758365,0.073));
#4884=CARTESIAN_POINT('',(0.02,0.03758365,0.073));
#4885=CARTESIAN_POINT('',(0.01225,0.03758365,0.073));
#4886=CARTESIAN_POINT('',(0.02,0.03758365,0.043));
#4887=CARTESIAN_POINT('',(0.02,0.02558365,0.043));
#4888=CARTESIAN_POINT('',(0.02,0.02558365,0.0485));
#4889=CARTESIAN_POINT('',(0.02,0.02558365,0.043));
#4890=CARTESIAN_POINT('',(0.02,0.02558365,0.033));
#4891=CARTESIAN_POINT('',(0.02,0.03758365,0.033));
#4892=CARTESIAN_POINT('',(0.02,0.03758365,0.033));
#4893=CARTESIAN_POINT('',(0.02,0.03758365,0.043));
#4894=CARTESIAN_POINT('',(-0.01225,0.03758365,0.033));
#4895=CARTESIAN_POINT('',(-0.01225,0.03758365,0.033));
#4896=CARTESIAN_POINT('',(-0.01225,0.02558365,0.033));
#4897=CARTESIAN_POINT('',(0.0045000000000001,0.02558365,0.033));
#4898=CARTESIAN_POINT('',(-0.01225,0.02558365,0.033));
#4899=CARTESIAN_POINT('',(-3.3983948676339E-18,0.03758365,0.04575));
#4900=CARTESIAN_POINT('',(0.00707106781186547,0.03758365,0.0600710678118655));
#4901=CARTESIAN_POINT('',(0.00707106781186547,0.03758365,0.0583210678118655));
#4902=CARTESIAN_POINT('',(-0.00707106781186548,0.03758365,0.0600710678118655));
#4903=CARTESIAN_POINT('',(-0.00707106781186548,0.03758365,0.0583210678118655));
#4904=CARTESIAN_POINT('',(-0.00707106781186548,0.03758365,0.0459289321881345));
#4905=CARTESIAN_POINT('',(-0.00707106781186548,0.03758365,0.0441789321881345));
#4906=CARTESIAN_POINT('',(0.00707106781186547,0.03758365,0.0459289321881345));
#4907=CARTESIAN_POINT('',(0.00707106781186547,0.03758365,0.0441789321881345));
#4908=CARTESIAN_POINT('',(-0.016,0.03758365,0.069));
#4909=CARTESIAN_POINT('',(-0.016,0.03758365,0.067));
#4910=CARTESIAN_POINT('',(0.016,0.03758365,0.069));
#4911=CARTESIAN_POINT('',(0.016,0.03758365,0.067));
#4912=CARTESIAN_POINT('',(0.016,0.03758365,0.037));
#4913=CARTESIAN_POINT('',(0.016,0.03758365,0.035));
#4914=CARTESIAN_POINT('',(-0.016,0.03758365,0.037));
#4915=CARTESIAN_POINT('',(-0.016,0.03758365,0.035));
#4916=CARTESIAN_POINT('',(-3.3983948676339E-18,0.02558365,0.04575));
#4917=CARTESIAN_POINT('',(0.016,0.02558365,0.037));
#4918=CARTESIAN_POINT('',(0.016,0.02558365,0.035));
#4919=CARTESIAN_POINT('',(-8.16816845062121E-19,0.02558365,0.053));
#4920=CARTESIAN_POINT('',(-3.3983948676339E-18,0.02558365,0.04575));
#4921=CARTESIAN_POINT('',(-8.16816845062121E-19,0.02558365,0.053));
#4922=CARTESIAN_POINT('',(-3.3983948676339E-18,0.02558365,0.04575));
#4923=CARTESIAN_POINT('',(-8.16816845062121E-19,0.02558365,0.053));
#4924=CARTESIAN_POINT('',(-3.3983948676339E-18,0.02558365,0.04575));
#4925=CARTESIAN_POINT('',(-8.16816845062121E-19,0.02558365,0.053));
#4926=CARTESIAN_POINT('',(-8.16816845062121E-19,0.00758365,0.053));
#4927=CARTESIAN_POINT('',(-8.16816845062121E-19,0.00758365,0.053));
#4928=CARTESIAN_POINT('',(1.69370909318995E-18,0.00758365,0.0325));
#4929=CARTESIAN_POINT('',(-8.16816845062121E-19,0.02558365,0.053));
#4930=CARTESIAN_POINT('',(-3.3983948676339E-18,0.00758365,0.04575));
#4931=CARTESIAN_POINT('',(0.00707106781186547,0.00758365,0.0600710678118655));
#4932=CARTESIAN_POINT('',(0.00707106781186547,0.00758365,0.0583210678118655));
#4933=CARTESIAN_POINT('',(-0.00707106781186548,0.00758365,0.0600710678118655));
#4934=CARTESIAN_POINT('',(-0.00707106781186548,0.00758365,0.0583210678118655));
#4935=CARTESIAN_POINT('',(-0.00707106781186548,0.00758365,0.0459289321881345));
#4936=CARTESIAN_POINT('',(-0.00707106781186548,0.00758365,0.0441789321881345));
#4937=CARTESIAN_POINT('',(0.00707106781186547,0.00758365,0.0459289321881345));
#4938=CARTESIAN_POINT('',(0.00707106781186547,0.00758365,0.0441789321881345));
#4939=CARTESIAN_POINT('',(-8.16816845062121E-19,0.00758365,0.053));
#4940=CARTESIAN_POINT('',(-3.2695812540318E-19,0.00758365,0.049));
#4941=CARTESIAN_POINT('',(-3.3983948676339E-18,0.02558365,0.04575));
#4942=CARTESIAN_POINT('',(-8.16816845062121E-19,0.01758365,0.053));
#4943=CARTESIAN_POINT('',(-8.16816845062121E-19,0.01758365,0.053));
#4944=CARTESIAN_POINT('',(-1.30667556472106E-18,0.01758365,0.057));
#4945=CARTESIAN_POINT('',(-4.28626379701574E-18,0.01758365,0.053));
#4946=CARTESIAN_POINT('',(0.016,0.01258365,0.037));
#4947=CARTESIAN_POINT('',(-0.016,0.01258365,0.037));
#4948=CARTESIAN_POINT('',(0.016,0.01258365,0.069));
#4949=CARTESIAN_POINT('',(-0.016,0.01258365,0.069));
#4950=CARTESIAN_POINT('',(0.00707106781186547,0.04158365,0.0459289321881345));
#4951=CARTESIAN_POINT('',(-0.00707106781186548,0.04158365,0.0459289321881345));
#4952=CARTESIAN_POINT('',(-0.00707106781186548,0.04158365,0.0600710678118655));
#4953=CARTESIAN_POINT('',(0.00707106781186547,0.04158365,0.0600710678118655));
#4954=CARTESIAN_POINT('',(0.,0.,0.));
#4955=CARTESIAN_POINT('',(-0.051,-0.01,0.011));
#4956=CARTESIAN_POINT('',(0.047,-0.01,0.007));
#4957=CARTESIAN_POINT('',(0.051,-0.01,0.007));
#4958=CARTESIAN_POINT('',(0.047,-0.01,0.011));
#4959=CARTESIAN_POINT('',(0.051,-0.01,0.011));
#4960=CARTESIAN_POINT('',(0.051,-0.01,0.011));
#4961=CARTESIAN_POINT('',(-0.051,-0.01,0.011));
#4962=CARTESIAN_POINT('',(-0.051,-0.01,0.011));
#4963=CARTESIAN_POINT('',(-0.047,-0.01,0.007));
#4964=CARTESIAN_POINT('',(-0.047,-0.01,0.011));
#4965=CARTESIAN_POINT('',(-0.051,-0.01,0.007));
#4966=CARTESIAN_POINT('',(-0.051,-0.01,0.011));
#4967=CARTESIAN_POINT('',(-0.051,-0.01,0.011));
#4968=CARTESIAN_POINT('',(-0.051,-0.01,-0.0180077822185374));
#4969=CARTESIAN_POINT('',(0.,-0.005,-0.014));
#4970=CARTESIAN_POINT('',(0.,-0.005,0.011));
#4971=CARTESIAN_POINT('',(0.00125,-0.005,0.011));
#4972=CARTESIAN_POINT('',(0.00125,-0.005,-0.014));
#4973=CARTESIAN_POINT('',(0.00125,-0.005,0.00216506350946109));
#4974=CARTESIAN_POINT('',(0.00125,-0.005,0.));
#4975=CARTESIAN_POINT('',(0.00125,-0.005,0.00216506350946109));
#4976=CARTESIAN_POINT('',(0.00125,-0.0053364507708229,0.00216506350946109));
#4977=CARTESIAN_POINT('',(0.000979851615209372,-0.00597313924738347,0.0023440131962412));
#4978=CARTESIAN_POINT('',(3.16879799609304E-6,-0.00638828517581346,0.00257792936573791));
#4979=CARTESIAN_POINT('',(-0.000980996843009634,-0.00597371118668586,0.00234426490947073));
#4980=CARTESIAN_POINT('',(-0.00125,-0.00533667097792273,0.00216506350946109));
#4981=CARTESIAN_POINT('',(-0.00125,-0.005,0.00216506350946109));
#4982=CARTESIAN_POINT('',(-0.00125,-0.005,0.00216506350946109));
#4983=CARTESIAN_POINT('',(-0.00125,-0.005,-0.014));
#4984=CARTESIAN_POINT('',(-0.00125,-0.005,0.));
#4985=CARTESIAN_POINT('',(0.,-0.005,0.));
#4986=CARTESIAN_POINT('',(0.046,0.,0.011));
#4987=CARTESIAN_POINT('',(0.046,0.,-0.012));
#4988=CARTESIAN_POINT('',(0.046,0.,-0.0175));
#4989=CARTESIAN_POINT('',(0.046,-4.11996825544492E-18,-0.012));
#4990=CARTESIAN_POINT('',(0.046,0.00574553000547111,-0.00607957898826181));
#4991=CARTESIAN_POINT('',(0.046,-0.0048327756982754,-0.0186863128142616));
#4992=CARTESIAN_POINT('',(0.046,0.00158361215086228,-0.0263330660849492));
#4993=CARTESIAN_POINT('',(0.046,-0.00205226200288542,-0.022));
#4994=CARTESIAN_POINT('',(0.046,0.,-0.022));
#4995=CARTESIAN_POINT('',(0.046,0.008,-0.022));
#4996=CARTESIAN_POINT('',(0.046,0.008,0.011));
#4997=CARTESIAN_POINT('',(0.046,0.008,-0.007381197846483));
#4998=CARTESIAN_POINT('',(0.046,0.00687276500273556,-0.0067303884173724));
#4999=CARTESIAN_POINT('',(0.021,0.,-0.012));
#5000=CARTESIAN_POINT('',(0.043,0.,-0.012));
#5001=CARTESIAN_POINT('',(0.043,0.,-0.017));
#5002=CARTESIAN_POINT('',(0.04,0.,-0.012));
#5003=CARTESIAN_POINT('',(0.04,0.,-0.007));
#5004=CARTESIAN_POINT('',(-0.021,0.,-0.012));
#5005=CARTESIAN_POINT('',(-0.043,0.,-0.012));
#5006=CARTESIAN_POINT('',(-0.043,0.,-0.007));
#5007=CARTESIAN_POINT('',(-0.04,0.,-0.012));
#5008=CARTESIAN_POINT('',(-0.04,0.,-0.017));
#5009=CARTESIAN_POINT('',(0.027,0.008,0.011));
#5010=CARTESIAN_POINT('',(0.0709,0.008,-0.022));
#5011=CARTESIAN_POINT('',(0.037,0.008,-0.022));
#5012=CARTESIAN_POINT('',(0.037,0.008,-0.02));
#5013=CARTESIAN_POINT('',(0.037,0.008,0.));
#5014=CARTESIAN_POINT('',(0.027,0.008,0.));
#5015=CARTESIAN_POINT('',(0.043,0.008,0.));
#5016=CARTESIAN_POINT('',(0.043,0.008,0.011));
#5017=CARTESIAN_POINT('',(0.043,0.008,0.011));
#5018=CARTESIAN_POINT('',(0.027,0.008,0.011));
#5019=CARTESIAN_POINT('',(0.051,0.008,0.011));
#5020=CARTESIAN_POINT('',(0.051,0.008,0.011));
#5021=CARTESIAN_POINT('',(0.051,0.008,-0.007381197846483));
#5022=CARTESIAN_POINT('',(0.051,0.008,-0.007381197846483));
#5023=CARTESIAN_POINT('',(-0.051,-1.51788304147971E-18,-0.012));
#5024=CARTESIAN_POINT('',(-0.051,0.00574553000547111,-0.00607957898826181));
#5025=CARTESIAN_POINT('',(-0.051,0.00574553000547111,-0.00607957898826181));
#5026=CARTESIAN_POINT('',(-0.046,0.00574553000547111,-0.00607957898826181));
#5027=CARTESIAN_POINT('',(-0.046,-3.90312782094781E-18,-0.012));
#5028=CARTESIAN_POINT('',(-0.046,-0.0048327756982754,-0.0186863128142616));
#5029=CARTESIAN_POINT('',(-0.051,-0.0048327756982754,-0.0186863128142616));
#5030=CARTESIAN_POINT('',(-0.051,-0.0048327756982754,-0.0186863128142616));
#5031=CARTESIAN_POINT('',(-0.051,-1.51788304147971E-18,-0.012));
#5032=CARTESIAN_POINT('',(-0.051,0.,0.011));
#5033=CARTESIAN_POINT('',(0.0035,-0.005,0.011));
#5034=CARTESIAN_POINT('',(0.0045,-0.005,0.011));
#5035=CARTESIAN_POINT('',(-0.0035,-0.005,0.011));
#5036=CARTESIAN_POINT('',(-0.0025,-0.005,0.011));
#5037=CARTESIAN_POINT('',(0.01,0.01208365,0.011));
#5038=CARTESIAN_POINT('',(0.01175,0.01208365,0.011));
#5039=CARTESIAN_POINT('',(0.01,0.00708365,0.011));
#5040=CARTESIAN_POINT('',(0.01175,0.00708365,0.011));
#5041=CARTESIAN_POINT('',(0.01,0.00208365,0.011));
#5042=CARTESIAN_POINT('',(0.01175,0.00208365,0.011));
#5043=CARTESIAN_POINT('',(0.01,-0.00291635,0.011));
#5044=CARTESIAN_POINT('',(0.01175,-0.00291635,0.011));
#5045=CARTESIAN_POINT('',(-0.01,0.01708365,0.011));
#5046=CARTESIAN_POINT('',(-0.00825,0.01708365,0.011));
#5047=CARTESIAN_POINT('',(-0.01,0.01208365,0.011));
#5048=CARTESIAN_POINT('',(-0.00825,0.01208365,0.011));
#5049=CARTESIAN_POINT('',(-0.01,0.00708365,0.011));
#5050=CARTESIAN_POINT('',(-0.00825,0.00708365,0.011));
#5051=CARTESIAN_POINT('',(-0.01,0.00208365,0.011));
#5052=CARTESIAN_POINT('',(-0.00825,0.00208365,0.011));
#5053=CARTESIAN_POINT('',(-0.01,-0.00291635,0.011));
#5054=CARTESIAN_POINT('',(-0.00825,-0.00291635,0.011));
#5055=CARTESIAN_POINT('',(0.01,0.01708365,0.011));
#5056=CARTESIAN_POINT('',(0.01175,0.01708365,0.011));
#5057=CARTESIAN_POINT('',(-0.051,0.,0.011));
#5058=CARTESIAN_POINT('',(-0.051,0.008,0.011));
#5059=CARTESIAN_POINT('',(-0.051,-0.01,0.011));
#5060=CARTESIAN_POINT('',(3.46944695195361E-18,-0.01,0.011));
#5061=CARTESIAN_POINT('',(-0.051,-0.01,0.011));
#5062=CARTESIAN_POINT('',(0.051,0.,0.011));
#5063=CARTESIAN_POINT('',(0.043,0.043,0.011));
#5064=CARTESIAN_POINT('',(0.008,0.043,0.011));
#5065=CARTESIAN_POINT('',(0.008,0.0335,0.011));
#5066=CARTESIAN_POINT('',(0.008,0.059,0.011));
#5067=CARTESIAN_POINT('',(-0.004,0.059,0.011));
#5068=CARTESIAN_POINT('',(-0.008,0.059,0.011));
#5069=CARTESIAN_POINT('',(-0.008,0.0335,0.011));
#5070=CARTESIAN_POINT('',(-0.008,0.043,0.011));
#5071=CARTESIAN_POINT('',(-0.043,0.043,0.011));
#5072=CARTESIAN_POINT('',(-0.043,0.008,0.011));
#5073=CARTESIAN_POINT('',(-0.051,0.008,0.011));
#5074=CARTESIAN_POINT('',(-0.01,0.02208365,0.011));
#5075=CARTESIAN_POINT('',(-0.00825,0.02208365,0.011));
#5076=CARTESIAN_POINT('',(0.01,0.02208365,0.011));
#5077=CARTESIAN_POINT('',(0.01175,0.02208365,0.011));
#5078=CARTESIAN_POINT('',(-0.051,0.008,0.011));
#5079=CARTESIAN_POINT('',(-0.037,0.008,-0.02));
#5080=CARTESIAN_POINT('',(-0.037,0.008,-0.022));
#5081=CARTESIAN_POINT('',(-0.037,0.008,0.));
#5082=CARTESIAN_POINT('',(0.0709,0.008,-0.022));
#5083=CARTESIAN_POINT('',(-0.046,0.008,-0.022));
#5084=CARTESIAN_POINT('',(-0.046,0.008,0.011));
#5085=CARTESIAN_POINT('',(-0.046,0.008,-0.00738119784648299));
#5086=CARTESIAN_POINT('',(-0.051,0.008,-0.00738119784648299));
#5087=CARTESIAN_POINT('',(-0.051,0.008,-0.00738119784648299));
#5088=CARTESIAN_POINT('',(-0.051,0.008,0.011));
#5089=CARTESIAN_POINT('',(-0.043,0.008,0.011));
#5090=CARTESIAN_POINT('',(-0.043,0.008,0.));
#5091=CARTESIAN_POINT('',(-0.027,0.008,0.));
#5092=CARTESIAN_POINT('',(-0.051,0.00687276500273556,-0.0067303884173724));
#5093=CARTESIAN_POINT('',(-0.046,0.00687276500273556,-0.0067303884173724));
#5094=CARTESIAN_POINT('',(-0.051,0.00687276500273556,-0.0067303884173724));
#5095=CARTESIAN_POINT('',(-0.051,0.0219586477965032,-0.0240341332995339));
#5096=CARTESIAN_POINT('',(-0.051,0.00158361215086228,-0.0263330660849492));
#5097=CARTESIAN_POINT('',(-0.051,-0.00205226200288542,-0.022));
#5098=CARTESIAN_POINT('',(-0.051,0.00297386899855727,-0.022));
#5099=CARTESIAN_POINT('',(-0.051,-0.01,-0.022));
#5100=CARTESIAN_POINT('',(-0.051,-0.01,-0.0180077822185374));
#5101=CARTESIAN_POINT('',(-0.046,0.,0.011));
#5102=CARTESIAN_POINT('',(-0.046,0.,-0.012));
#5103=CARTESIAN_POINT('',(-0.046,0.,-0.0065));
#5104=CARTESIAN_POINT('',(-0.046,0.,-0.022));
#5105=CARTESIAN_POINT('',(-0.046,-0.00205226200288542,-0.022));
#5106=CARTESIAN_POINT('',(-0.046,0.00158361215086228,-0.0263330660849492));
#5107=CARTESIAN_POINT('',(0.037,0.,-0.02));
#5108=CARTESIAN_POINT('',(0.037,0.,-0.012));
#5109=CARTESIAN_POINT('',(0.037,0.,-0.0065));
#5110=CARTESIAN_POINT('',(0.037,0.,-0.022));
#5111=CARTESIAN_POINT('',(0.037,-0.00797309247418263,-0.022));
#5112=CARTESIAN_POINT('',(0.037,-1.04083408558608E-17,-0.0279798193556369));
#5113=CARTESIAN_POINT('',(0.037,-0.008,-0.021979819355637));
#5114=CARTESIAN_POINT('',(0.037,-0.01,-0.021979819355637));
#5115=CARTESIAN_POINT('',(0.037,-0.01,-0.021979819355637));
#5116=CARTESIAN_POINT('',(0.037,-0.01,-0.02));
#5117=CARTESIAN_POINT('',(0.037,-0.01,0.));
#5118=CARTESIAN_POINT('',(0.037,0.,0.));
#5119=CARTESIAN_POINT('',(-0.037,0.,-0.02));
#5120=CARTESIAN_POINT('',(-0.037,0.,-0.012));
#5121=CARTESIAN_POINT('',(-0.037,0.,-0.0175));
#5122=CARTESIAN_POINT('',(-0.037,0.,-0.022));
#5123=CARTESIAN_POINT('',(-0.037,-0.01,-0.022));
#5124=CARTESIAN_POINT('',(-0.037,0.,0.));
#5125=CARTESIAN_POINT('',(-0.037,-0.01,0.));
#5126=CARTESIAN_POINT('',(-0.037,-0.01,-0.02));
#5127=CARTESIAN_POINT('',(-0.004,0.059,0.011));
#5128=CARTESIAN_POINT('',(-0.004,0.059,0.));
#5129=CARTESIAN_POINT('',(-0.008,0.059,0.));
#5130=CARTESIAN_POINT('',(0.008,0.059,0.));
#5131=CARTESIAN_POINT('',(-0.008,0.059,0.011));
#5132=CARTESIAN_POINT('',(0.008,0.059,0.011));
#5133=CARTESIAN_POINT('',(-0.008,0.0335,0.011));
#5134=CARTESIAN_POINT('',(-0.008,0.0335,0.));
#5135=CARTESIAN_POINT('',(-0.008,0.043,0.));
#5136=CARTESIAN_POINT('',(-0.008,0.043,0.011));
#5137=CARTESIAN_POINT('',(0.008,0.0335,0.011));
#5138=CARTESIAN_POINT('',(0.008,0.043,0.));
#5139=CARTESIAN_POINT('',(0.008,0.043,0.));
#5140=CARTESIAN_POINT('',(0.008,0.0335,0.));
#5141=CARTESIAN_POINT('',(0.,0.0255,0.));
#5142=CARTESIAN_POINT('',(-0.0025,-0.005,0.));
#5143=CARTESIAN_POINT('',(-0.0025,-0.005,0.));
#5144=CARTESIAN_POINT('',(-0.0025,-0.01,0.));
#5145=CARTESIAN_POINT('',(0.023,-0.01,0.));
#5146=CARTESIAN_POINT('',(-0.043,0.043,0.));
#5147=CARTESIAN_POINT('',(0.043,0.043,0.));
#5148=CARTESIAN_POINT('',(0.023,-0.01,0.));
#5149=CARTESIAN_POINT('',(0.0025,-0.01,0.));
#5150=CARTESIAN_POINT('',(0.0025,-0.005,0.));
#5151=CARTESIAN_POINT('',(0.0025,-0.005,0.));
#5152=CARTESIAN_POINT('',(0.0035,-0.005,0.));
#5153=CARTESIAN_POINT('',(0.023,-0.005,0.));
#5154=CARTESIAN_POINT('',(0.023,-0.005,0.));
#5155=CARTESIAN_POINT('',(-0.0035,-0.005,0.));
#5156=CARTESIAN_POINT('',(0.01,0.01208365,0.));
#5157=CARTESIAN_POINT('',(0.01175,0.01208365,0.));
#5158=CARTESIAN_POINT('',(0.01,0.00708365,0.));
#5159=CARTESIAN_POINT('',(0.01175,0.00708365,0.));
#5160=CARTESIAN_POINT('',(0.01,0.00208365,0.));
#5161=CARTESIAN_POINT('',(0.01175,0.00208365,0.));
#5162=CARTESIAN_POINT('',(0.01,-0.00291635,0.));
#5163=CARTESIAN_POINT('',(0.01175,-0.00291635,0.));
#5164=CARTESIAN_POINT('',(-0.01,0.01708365,0.));
#5165=CARTESIAN_POINT('',(-0.00825,0.01708365,0.));
#5166=CARTESIAN_POINT('',(-0.01,0.01208365,0.));
#5167=CARTESIAN_POINT('',(-0.00825,0.01208365,0.));
#5168=CARTESIAN_POINT('',(-0.01,0.00708365,0.));
#5169=CARTESIAN_POINT('',(-0.00825,0.00708365,0.));
#5170=CARTESIAN_POINT('',(-0.01,0.00208365,0.));
#5171=CARTESIAN_POINT('',(-0.00825,0.00208365,0.));
#5172=CARTESIAN_POINT('',(-0.01,-0.00291635,0.));
#5173=CARTESIAN_POINT('',(-0.00825,-0.00291635,0.));
#5174=CARTESIAN_POINT('',(0.01,0.01708365,0.));
#5175=CARTESIAN_POINT('',(0.01175,0.01708365,0.));
#5176=CARTESIAN_POINT('',(-0.01,0.02208365,0.));
#5177=CARTESIAN_POINT('',(-0.00825,0.02208365,0.));
#5178=CARTESIAN_POINT('',(0.01,0.02208365,0.));
#5179=CARTESIAN_POINT('',(0.01175,0.02208365,0.));
#5180=CARTESIAN_POINT('',(0.043,0.043,0.011));
#5181=CARTESIAN_POINT('',(-0.043,0.043,0.011));
#5182=CARTESIAN_POINT('',(0.01,0.02208365,-0.014));
#5183=CARTESIAN_POINT('',(-0.01,0.02208365,-0.014));
#5184=CARTESIAN_POINT('',(-0.051,0.00158361215086228,-0.0263330660849492));
#5185=CARTESIAN_POINT('',(-0.051,-0.00205226200288542,-0.022));
#5186=CARTESIAN_POINT('',(0.037,-1.04083408558608E-17,-0.0279798193556369));
#5187=CARTESIAN_POINT('',(0.037,-0.00797309247418263,-0.022));
#5188=CARTESIAN_POINT('',(0.051,-0.00797309247418263,-0.022));
#5189=CARTESIAN_POINT('',(0.051,-1.04083408558608E-17,-0.0279798193556369));
#5190=CARTESIAN_POINT('',(0.051,-0.008,-0.021979819355637));
#5191=CARTESIAN_POINT('',(0.037,-0.008,-0.021979819355637));
#5192=CARTESIAN_POINT('',(0.051,0.00158361215086228,-0.0263330660849492));
#5193=CARTESIAN_POINT('',(0.051,-0.00205226200288542,-0.022));
#5194=CARTESIAN_POINT('',(0.051,-0.00205226200288542,-0.022));
#5195=CARTESIAN_POINT('',(0.051,-0.0048327756982754,-0.0186863128142616));
#5196=CARTESIAN_POINT('',(0.051,-0.0048327756982754,-0.0186863128142616));
#5197=CARTESIAN_POINT('',(0.051,0.00158361215086228,-0.0263330660849492));
#5198=CARTESIAN_POINT('',(0.051,-7.80625564189563E-18,-0.012));
#5199=CARTESIAN_POINT('',(0.051,0.00574553000547111,-0.00607957898826181));
#5200=CARTESIAN_POINT('',(0.051,0.00574553000547111,-0.00607957898826181));
#5201=CARTESIAN_POINT('',(0.051,-7.80625564189563E-18,-0.012));
#5202=CARTESIAN_POINT('',(0.051,0.0179586477965032,-0.0240341332995339));
#5203=CARTESIAN_POINT('',(0.051,0.0179586477965032,-0.022));
#5204=CARTESIAN_POINT('',(0.051,0.00687276500273556,-0.0067303884173724));
#5205=CARTESIAN_POINT('',(0.051,-0.01,0.011));
#5206=CARTESIAN_POINT('',(0.051,-0.01,-0.021979819355637));
#5207=CARTESIAN_POINT('',(0.051,-0.01,-0.021979819355637));
#5208=CARTESIAN_POINT('',(0.051,0.00687276500273556,-0.0067303884173724));
#5209=CARTESIAN_POINT('',(0.0709,0.00297386899855727,-0.022));
#5210=CARTESIAN_POINT('',(0.0709,0.00297386899855727,-0.022));
#5211=CARTESIAN_POINT('',(-0.051,-0.01,-0.022));
#5212=CARTESIAN_POINT('',(-0.043,0.,-0.012));
#5213=CARTESIAN_POINT('',(-0.043,0.,-0.012));
#5214=CARTESIAN_POINT('',(-0.043,0.,-0.0065));
#5215=CARTESIAN_POINT('',(-0.043,0.,-0.0100717967697245));
#5216=CARTESIAN_POINT('',(0.043,0.,-0.012));
#5217=CARTESIAN_POINT('',(0.043,0.,-0.012));
#5218=CARTESIAN_POINT('',(0.043,0.,-0.0175));
#5219=CARTESIAN_POINT('',(0.043,0.,-0.0100717967697245));
#5220=CARTESIAN_POINT('',(0.01,0.01708365,-0.014));
#5221=CARTESIAN_POINT('',(-0.01,-0.00291635,-0.014));
#5222=CARTESIAN_POINT('',(-0.01,0.00208365,-0.014));
#5223=CARTESIAN_POINT('',(-0.01,0.00708365,-0.014));
#5224=CARTESIAN_POINT('',(-0.01,0.01208365,-0.014));
#5225=CARTESIAN_POINT('',(-0.01,0.01708365,-0.014));
#5226=CARTESIAN_POINT('',(0.01,-0.00291635,-0.014));
#5227=CARTESIAN_POINT('',(0.01,0.00208365,-0.014));
#5228=CARTESIAN_POINT('',(0.01,0.00708365,-0.014));
#5229=CARTESIAN_POINT('',(0.01,0.01208365,-0.014));
#5230=CARTESIAN_POINT('',(0.037,-0.01,-0.021979819355637));
#5231=CARTESIAN_POINT('',(0.037,-0.01,-0.021979819355637));
#5232=CARTESIAN_POINT('',(-0.051,-0.01,0.011));
#5233=CARTESIAN_POINT('',(-0.044,-0.01,-0.0119999008104205));
#5234=CARTESIAN_POINT('',(-0.044,-0.01,-0.0159999008104205));
#5235=CARTESIAN_POINT('',(0.044,-0.01,-0.0119999008104205));
#5236=CARTESIAN_POINT('',(0.044,-0.01,-0.0159999008104205));
#5237=CARTESIAN_POINT('',(3.46944695195361E-18,-0.01,0.007));
#5238=CARTESIAN_POINT('',(-0.047,-0.01,0.007));
#5239=CARTESIAN_POINT('',(0.,-0.01,1.53080849893419E-19));
#5240=CARTESIAN_POINT('',(0.047,-0.01,0.007));
#5241=CARTESIAN_POINT('',(-0.04,0.,-0.012));
#5242=CARTESIAN_POINT('',(-0.04,0.,-0.012));
#5243=CARTESIAN_POINT('',(-0.04,0.,-0.0175));
#5244=CARTESIAN_POINT('',(-0.04,-0.001,-0.011));
#5245=CARTESIAN_POINT('',(0.04,0.,-0.012));
#5246=CARTESIAN_POINT('',(0.04,0.,-0.012));
#5247=CARTESIAN_POINT('',(0.04,0.,-0.0065));
#5248=CARTESIAN_POINT('',(0.04,-0.001,-0.011));
#5249=CARTESIAN_POINT('',(-0.0035,-0.005,-0.014));
#5250=CARTESIAN_POINT('',(0.0035,-0.005,-0.014));
#5251=CARTESIAN_POINT('',(0.,-0.005,1.53080849893419E-19));
#5252=CARTESIAN_POINT('',(0.,-0.005,1.53080849893419E-19));
#5253=CARTESIAN_POINT('',(0.,-0.005,1.53080849893419E-19));
#5254=CARTESIAN_POINT('',(0.,-0.005,-0.00249995040521026));
#5255=CARTESIAN_POINT('',(0.,-0.005,-0.00249995040521026));
#5256=CARTESIAN_POINT('',(-0.047,-0.0102,0.007));
#5257=CARTESIAN_POINT('',(-0.047,-0.0102,0.007));
#5258=CARTESIAN_POINT('',(-0.047,-0.0102,0.003));
#5259=CARTESIAN_POINT('',(0.0028720833361149,-0.0102,-0.0055));
#5260=CARTESIAN_POINT('',(0.047,-0.0102,0.007));
#5261=CARTESIAN_POINT('',(0.047,-0.0102,0.007));
#5262=CARTESIAN_POINT('',(0.047,-0.0102,0.003));
#5263=CARTESIAN_POINT('',(0.0028720833361149,-0.0102,-0.0055));
#5264=CARTESIAN_POINT('',(0.044,-0.0102,-0.0119999008104205));
#5265=CARTESIAN_POINT('',(0.044,-0.0102,-0.0119999008104205));
#5266=CARTESIAN_POINT('',(0.044,-0.0102,-0.0159999008104205));
#5267=CARTESIAN_POINT('',(0.0028720833361149,-0.0102,-0.0055));
#5268=CARTESIAN_POINT('',(-0.044,-0.0102,-0.0119999008104205));
#5269=CARTESIAN_POINT('',(-0.044,-0.0102,-0.0119999008104205));
#5270=CARTESIAN_POINT('',(-0.044,-0.0102,-0.0159999008104205));
#5271=CARTESIAN_POINT('',(0.0028720833361149,-0.0102,-0.0055));
#5272=CARTESIAN_POINT('',(3.46944695195361E-18,-0.0102,0.007));
#5273=CARTESIAN_POINT('',(3.46944695195361E-18,-0.0102,0.007));
#5274=CARTESIAN_POINT('',(3.46944695195361E-18,-0.0102,0.003));
#5275=CARTESIAN_POINT('',(0.0028720833361149,-0.0102,-0.0055));
#5276=CARTESIAN_POINT('',(0.,0.,0.));
#5277=CARTESIAN_POINT('',(-8.16816845062121E-19,-0.00241635,0.053));
#5278=CARTESIAN_POINT('',(-8.16816845062121E-19,-0.00241635,0.053));
#5279=CARTESIAN_POINT('',(-4.49075724250418E-18,-0.00241635,0.083));
#5280=CARTESIAN_POINT('',(-8.16816845062121E-19,0.00758365,0.053));
#5281=CARTESIAN_POINT('',(-4.49075724250418E-18,0.00758365,0.083));
#5282=CARTESIAN_POINT('',(-4.28626379701574E-18,-0.00241635,0.053));
#5283=CARTESIAN_POINT('',(0.00707106781186547,-0.00241635,0.0600710678118655));
#5284=CARTESIAN_POINT('',(0.00707106781186547,-0.00241635,0.0618210678118655));
#5285=CARTESIAN_POINT('',(-0.00707106781186548,-0.00241635,0.0600710678118655));
#5286=CARTESIAN_POINT('',(-0.00707106781186548,-0.00241635,0.0618210678118655));
#5287=CARTESIAN_POINT('',(-0.00707106781186548,-0.00241635,0.0459289321881345));
#5288=CARTESIAN_POINT('',(-0.00707106781186548,-0.00241635,0.0476789321881345));
#5289=CARTESIAN_POINT('',(0.00707106781186547,-0.00241635,0.0459289321881345));
#5290=CARTESIAN_POINT('',(0.00707106781186547,-0.00241635,0.0476789321881345));
#5291=CARTESIAN_POINT('',(-8.16816845062121E-19,-0.00241635,0.053));
#5292=CARTESIAN_POINT('',(-1.30667556472106E-18,-0.00241635,0.057));
#5293=CARTESIAN_POINT('',(-4.28626379701574E-18,0.00758365,0.053));
#5294=CARTESIAN_POINT('',(0.00707106781186547,0.00758365,0.0600710678118655));
#5295=CARTESIAN_POINT('',(0.00707106781186547,0.00758365,0.0618210678118655));
#5296=CARTESIAN_POINT('',(-0.00707106781186548,0.00758365,0.0600710678118655));
#5297=CARTESIAN_POINT('',(-0.00707106781186548,0.00758365,0.0618210678118655));
#5298=CARTESIAN_POINT('',(-0.00707106781186548,0.00758365,0.0459289321881345));
#5299=CARTESIAN_POINT('',(-0.00707106781186548,0.00758365,0.0476789321881345));
#5300=CARTESIAN_POINT('',(0.00707106781186547,0.00758365,0.0459289321881345));
#5301=CARTESIAN_POINT('',(0.00707106781186547,0.00758365,0.0476789321881345));
#5302=CARTESIAN_POINT('',(-8.16816845062121E-19,0.00758365,0.053));
#5303=CARTESIAN_POINT('',(-1.30667556472106E-18,0.00758365,0.057));
#5304=CARTESIAN_POINT('',(-8.16816845062121E-19,0.01758365,0.053));
#5305=CARTESIAN_POINT('',(0.00707106781186547,0.04158365,0.0459289321881345));
#5306=CARTESIAN_POINT('',(-0.00707106781186548,0.04158365,0.0459289321881345));
#5307=CARTESIAN_POINT('',(-0.00707106781186548,0.04158365,0.0600710678118655));
#5308=CARTESIAN_POINT('',(0.00707106781186547,0.04158365,0.0600710678118655));
#5309=CARTESIAN_POINT('',(0.,0.,0.));
#5310=CARTESIAN_POINT('',(0.046,0.0441672955930064,-0.0375));
#5311=CARTESIAN_POINT('',(0.036,0.0441672955930064,-0.0375));
#5312=CARTESIAN_POINT('',(0.036,0.0388143445894137,-0.0315547568970532));
#5313=CARTESIAN_POINT('',(0.036,0.0490926869074164,-0.0438040082804462));
#5314=CARTESIAN_POINT('',(0.046,0.0388143445894137,-0.0315547568970532));
#5315=CARTESIAN_POINT('',(0.046,0.0388143445894137,-0.0315547568970532));
#5316=CARTESIAN_POINT('',(0.046,0.0441672955930064,-0.0375));
#5317=CARTESIAN_POINT('',(0.046,0.0490926869074164,-0.0438040082804462));
#5318=CARTESIAN_POINT('',(0.046,0.0490926869074164,-0.0438040082804462));
#5319=CARTESIAN_POINT('',(0.046,0.0228462282189424,-0.0459320570462151));
#5320=CARTESIAN_POINT('',(0.036,0.0228462282189424,-0.0459320570462151));
#5321=CARTESIAN_POINT('',(0.036,0.00687811184847125,-0.060309357195377));
#5322=CARTESIAN_POINT('',(0.046,0.00687811184847125,-0.060309357195377));
#5323=CARTESIAN_POINT('',(0.046,0.00687811184847125,-0.060309357195377));
#5324=CARTESIAN_POINT('',(0.046,0.0228462282189424,-0.0459320570462151));
#5325=CARTESIAN_POINT('',(0.046,0.0112273845388903,-0.0651398672165212));
#5326=CARTESIAN_POINT('',(0.036,0.0112273845388903,-0.0651398672165212));
#5327=CARTESIAN_POINT('',(0.036,0.00473427499136665,-0.0654390801905992));
#5328=CARTESIAN_POINT('',(0.046,0.00473427499136665,-0.0654390801905992));
#5329=CARTESIAN_POINT('',(0.046,0.00473427499136665,-0.0654390801905992));
#5330=CARTESIAN_POINT('',(0.046,0.0112273845388903,-0.0651398672165212));
#5331=CARTESIAN_POINT('',(0.046,0.00498082976512853,-0.0707894737035602));
#5332=CARTESIAN_POINT('',(0.036,0.00498082976512853,-0.0707894737035602));
#5333=CARTESIAN_POINT('',(0.036,0.00522738453889038,-0.0761398672165212));
#5334=CARTESIAN_POINT('',(0.046,0.00522738453889038,-0.0761398672165212));
#5335=CARTESIAN_POINT('',(0.046,0.00522738453889038,-0.0761398672165212));
#5336=CARTESIAN_POINT('',(0.046,0.00498082976512853,-0.0707894737035602));
#5337=CARTESIAN_POINT('',(0.046,0.0142273845388903,-0.0761398672165212));
#5338=CARTESIAN_POINT('',(0.041,0.0142273845388903,-0.0761398672165212));
#5339=CARTESIAN_POINT('',(0.041,0.00672738453889038,-0.0761398672165212));
#5340=CARTESIAN_POINT('',(0.041,0.0157273845388904,-0.0761398672165212));
#5341=CARTESIAN_POINT('',(0.041,0.00672738453889038,-0.0761398672165212));
#5342=CARTESIAN_POINT('',(0.046,0.00672738453889038,-0.0761398672165212));
#5343=CARTESIAN_POINT('',(0.046,0.0142273845388903,-0.0761398672165212));
#5344=CARTESIAN_POINT('',(0.036,0.0142273845388903,-0.0761398672165212));
#5345=CARTESIAN_POINT('',(0.036,0.0172273845388904,-0.0761398672165212));
#5346=CARTESIAN_POINT('',(0.046,0.0172273845388904,-0.0761398672165212));
#5347=CARTESIAN_POINT('',(0.046,0.0172273845388904,-0.0761398672165212));
#5348=CARTESIAN_POINT('',(0.046,0.0142273845388903,-0.0761398672165212));
#5349=CARTESIAN_POINT('',(0.046,0.0157273845388904,-0.0761398672165212));
#5350=CARTESIAN_POINT('',(0.041,0.0157273845388904,-0.0761398672165212));
#5351=CARTESIAN_POINT('',(0.046,0.0174051902017077,-0.0722813726094589));
#5352=CARTESIAN_POINT('',(0.036,0.0174051902017077,-0.0722813726094589));
#5353=CARTESIAN_POINT('',(0.036,0.017582995864525,-0.0684228780023966));
#5354=CARTESIAN_POINT('',(0.046,0.017582995864525,-0.0684228780023966));
#5355=CARTESIAN_POINT('',(0.046,0.017582995864525,-0.0684228780023966));
#5356=CARTESIAN_POINT('',(0.046,0.0174051902017077,-0.0722813726094589));
#5357=CARTESIAN_POINT('',(0.046,0.0333378413859707,-0.0561134431414214));
#5358=CARTESIAN_POINT('',(0.036,0.0333378413859707,-0.0561134431414214));
#5359=CARTESIAN_POINT('',(0.046,0.0333378413859707,-0.0561134431414214));
#5360=CARTESIAN_POINT('',(0.046,0.0220836477965032,-0.0380699336082606));
#5361=CARTESIAN_POINT('',(0.046,0.0157273845388904,-0.0711398672165212));
#5362=CARTESIAN_POINT('',(0.046,0.0157273845388904,-0.0661398672165212));
#5363=CARTESIAN_POINT('',(0.046,0.00672738453889038,-0.0711398672165212));
#5364=CARTESIAN_POINT('',(0.046,0.00672738453889038,-0.0661398672165212));
#5365=CARTESIAN_POINT('',(0.046,0.0112273845388904,-0.0661398672165212));
#5366=CARTESIAN_POINT('',(0.046,0.0441672955930064,-0.0375));
#5367=CARTESIAN_POINT('',(0.046,0.0441672955930064,-0.03925));
#5368=CARTESIAN_POINT('',(0.036,0.0220836477965032,-0.0380699336082606));
#5369=CARTESIAN_POINT('',(0.036,0.0112273845388904,-0.0711398672165212));
#5370=CARTESIAN_POINT('',(0.036,0.0112273845388904,-0.0725398672165212));
#5371=CARTESIAN_POINT('',(0.036,0.0441672955930064,-0.0375));
#5372=CARTESIAN_POINT('',(0.036,0.0441672955930064,-0.03925));
#5373=CARTESIAN_POINT('',(0.051,0.0441672955930064,-0.0375));
#5374=CARTESIAN_POINT('',(0.041,0.0157273845388904,-0.0711398672165212));
#5375=CARTESIAN_POINT('',(0.041,0.0157273845388904,-0.0661398672165212));
#5376=CARTESIAN_POINT('',(0.041,0.0157273845388904,-0.0661398672165212));
#5377=CARTESIAN_POINT('',(0.041,0.0157273845388904,-0.0711398672165212));
#5378=CARTESIAN_POINT('',(0.041,0.0112273845388904,-0.0661398672165212));
#5379=CARTESIAN_POINT('',(0.041,0.00672738453889038,-0.0661398672165212));
#5380=CARTESIAN_POINT('',(0.041,0.00672738453889038,-0.0661398672165212));
#5381=CARTESIAN_POINT('',(0.041,0.0112273845388904,-0.0661398672165212));
#5382=CARTESIAN_POINT('',(0.041,0.00672738453889038,-0.0711398672165212));
#5383=CARTESIAN_POINT('',(0.041,0.00672738453889038,-0.0711398672165212));
#5384=CARTESIAN_POINT('',(0.041,0.0284473400659484,-0.0528199336082606));
#5385=CARTESIAN_POINT('',(0.041,0.0112273845388904,-0.0711398672165212));
#5386=CARTESIAN_POINT('',(0.041,0.0112273845388904,-0.0725398672165212));
#5387=CARTESIAN_POINT('',(0.02,0.0112273845388904,-0.0711398672165212));
#5388=CARTESIAN_POINT('',(0.,0.,0.));
#5389=CARTESIAN_POINT('',(-0.046,0.0220836477965032,-0.0380699336082606));
#5390=CARTESIAN_POINT('',(-0.046,0.0441672955930064,-0.0375));
#5391=CARTESIAN_POINT('',(-0.046,0.0441672955930064,-0.03575));
#5392=CARTESIAN_POINT('',(-0.046,0.0142273845388903,-0.0761398672165212));
#5393=CARTESIAN_POINT('',(-0.046,0.0157273845388904,-0.0761398672165212));
#5394=CARTESIAN_POINT('',(-0.046,0.0172273845388904,-0.0761398672165212));
#5395=CARTESIAN_POINT('',(-0.046,0.0157273845388904,-0.0711398672165212));
#5396=CARTESIAN_POINT('',(-0.046,0.0157273845388904,-0.0661398672165212));
#5397=CARTESIAN_POINT('',(-0.046,0.0112273845388904,-0.0661398672165212));
#5398=CARTESIAN_POINT('',(-0.046,0.00672738453889038,-0.0661398672165212));
#5399=CARTESIAN_POINT('',(-0.046,0.00672738453889038,-0.0711398672165212));
#5400=CARTESIAN_POINT('',(-0.046,0.00672738453889038,-0.0761398672165212));
#5401=CARTESIAN_POINT('',(-0.046,0.0142273845388903,-0.0761398672165212));
#5402=CARTESIAN_POINT('',(-0.046,0.00522738453889038,-0.0761398672165212));
#5403=CARTESIAN_POINT('',(-0.046,0.00498082976512853,-0.0707894737035602));
#5404=CARTESIAN_POINT('',(-0.046,0.00473427499136665,-0.0654390801905992));
#5405=CARTESIAN_POINT('',(-0.046,0.0112273845388903,-0.0651398672165212));
#5406=CARTESIAN_POINT('',(-0.046,0.00687811184847125,-0.060309357195377));
#5407=CARTESIAN_POINT('',(-0.046,0.0228462282189424,-0.0459320570462151));
#5408=CARTESIAN_POINT('',(-0.046,0.0388143445894137,-0.0315547568970532));
#5409=CARTESIAN_POINT('',(-0.046,0.0441672955930064,-0.0375));
#5410=CARTESIAN_POINT('',(-0.046,0.0490926869074164,-0.0438040082804462));
#5411=CARTESIAN_POINT('',(-0.046,0.0333378413859707,-0.0561134431414214));
#5412=CARTESIAN_POINT('',(-0.046,0.017582995864525,-0.0684228780023966));
#5413=CARTESIAN_POINT('',(-0.046,0.0174051902017077,-0.0722813726094589));
#5414=CARTESIAN_POINT('',(-0.046,0.0441672955930064,-0.0375));
#5415=CARTESIAN_POINT('',(-0.036,0.0441672955930064,-0.0375));
#5416=CARTESIAN_POINT('',(-0.036,0.0388143445894137,-0.0315547568970532));
#5417=CARTESIAN_POINT('',(-0.036,0.0490926869074164,-0.0438040082804462));
#5418=CARTESIAN_POINT('',(-0.046,0.0490926869074164,-0.0438040082804462));
#5419=CARTESIAN_POINT('',(-0.046,0.0388143445894137,-0.0315547568970532));
#5420=CARTESIAN_POINT('',(-0.046,0.0228462282189424,-0.0459320570462151));
#5421=CARTESIAN_POINT('',(-0.036,0.0228462282189424,-0.0459320570462151));
#5422=CARTESIAN_POINT('',(-0.036,0.00687811184847125,-0.060309357195377));
#5423=CARTESIAN_POINT('',(-0.046,0.00687811184847125,-0.060309357195377));
#5424=CARTESIAN_POINT('',(-0.046,0.0112273845388903,-0.0651398672165212));
#5425=CARTESIAN_POINT('',(-0.036,0.0112273845388903,-0.0651398672165212));
#5426=CARTESIAN_POINT('',(-0.036,0.00473427499136665,-0.0654390801905992));
#5427=CARTESIAN_POINT('',(-0.046,0.00473427499136665,-0.0654390801905992));
#5428=CARTESIAN_POINT('',(-0.046,0.00498082976512853,-0.0707894737035602));
#5429=CARTESIAN_POINT('',(-0.036,0.00498082976512853,-0.0707894737035602));
#5430=CARTESIAN_POINT('',(-0.036,0.00522738453889038,-0.0761398672165212));
#5431=CARTESIAN_POINT('',(-0.046,0.00522738453889038,-0.0761398672165212));
#5432=CARTESIAN_POINT('',(-0.046,0.0142273845388903,-0.0761398672165212));
#5433=CARTESIAN_POINT('',(-0.041,0.0142273845388903,-0.0761398672165212));
#5434=CARTESIAN_POINT('',(-0.041,0.00672738453889038,-0.0761398672165212));
#5435=CARTESIAN_POINT('',(-0.041,0.0157273845388904,-0.0761398672165212));
#5436=CARTESIAN_POINT('',(-0.041,0.0157273845388904,-0.0761398672165212));
#5437=CARTESIAN_POINT('',(-0.046,0.0172273845388904,-0.0761398672165212));
#5438=CARTESIAN_POINT('',(-0.036,0.0172273845388904,-0.0761398672165212));
#5439=CARTESIAN_POINT('',(-0.036,0.0142273845388903,-0.0761398672165212));
#5440=CARTESIAN_POINT('',(-0.041,0.00672738453889038,-0.0761398672165212));
#5441=CARTESIAN_POINT('',(-0.046,0.0174051902017077,-0.0722813726094589));
#5442=CARTESIAN_POINT('',(-0.036,0.0174051902017077,-0.0722813726094589));
#5443=CARTESIAN_POINT('',(-0.036,0.017582995864525,-0.0684228780023966));
#5444=CARTESIAN_POINT('',(-0.046,0.017582995864525,-0.0684228780023966));
#5445=CARTESIAN_POINT('',(-0.046,0.0333378413859707,-0.0561134431414214));
#5446=CARTESIAN_POINT('',(-0.036,0.0333378413859707,-0.0561134431414214));
#5447=CARTESIAN_POINT('',(-0.036,0.0220836477965032,-0.0380699336082606));
#5448=CARTESIAN_POINT('',(-0.036,0.0112273845388904,-0.0711398672165212));
#5449=CARTESIAN_POINT('',(-0.036,0.0112273845388904,-0.0697398672165212));
#5450=CARTESIAN_POINT('',(-0.036,0.0441672955930064,-0.0375));
#5451=CARTESIAN_POINT('',(-0.036,0.0441672955930064,-0.03575));
#5452=CARTESIAN_POINT('',(-0.051,0.0441672955930064,-0.0375));
#5453=CARTESIAN_POINT('',(-0.041,0.0157273845388904,-0.0711398672165212));
#5454=CARTESIAN_POINT('',(-0.041,0.0157273845388904,-0.0711398672165212));
#5455=CARTESIAN_POINT('',(-0.041,0.0157273845388904,-0.0661398672165212));
#5456=CARTESIAN_POINT('',(-0.041,0.0157273845388904,-0.0661398672165212));
#5457=CARTESIAN_POINT('',(-0.041,0.00672738453889038,-0.0711398672165212));
#5458=CARTESIAN_POINT('',(-0.041,0.00672738453889038,-0.0661398672165212));
#5459=CARTESIAN_POINT('',(-0.041,0.00672738453889038,-0.0661398672165212));
#5460=CARTESIAN_POINT('',(-0.041,0.00672738453889038,-0.0711398672165212));
#5461=CARTESIAN_POINT('',(-0.041,0.0112273845388904,-0.0661398672165212));
#5462=CARTESIAN_POINT('',(-0.041,0.0112273845388904,-0.0661398672165212));
#5463=CARTESIAN_POINT('',(-0.041,0.0284473400659484,-0.0528199336082606));
#5464=CARTESIAN_POINT('',(-0.041,0.0112273845388904,-0.0711398672165212));
#5465=CARTESIAN_POINT('',(-0.041,0.0112273845388904,-0.0697398672165212));
#5466=CARTESIAN_POINT('',(-0.02,0.0112273845388904,-0.0711398672165212));
#5467=CARTESIAN_POINT('',(0.,0.,0.));
#5468=CARTESIAN_POINT('',(-0.045,0.0112273845388904,-0.0661398672165212));
#5469=CARTESIAN_POINT('',(-0.045,0.0112273845388904,-0.0661398672165212));
#5470=CARTESIAN_POINT('',(-0.045,0.00672738453889037,-0.0661398672165212));
#5471=CARTESIAN_POINT('',(-0.045,0.0157273845388904,-0.0661398672165212));
#5472=CARTESIAN_POINT('',(-0.024,0.00672738453889037,-0.0661398672165212));
#5473=CARTESIAN_POINT('',(-0.041,0.00672738453889037,-0.0661398672165212));
#5474=CARTESIAN_POINT('',(-0.041,0.0302273845388904,-0.0661398672165212));
#5475=CARTESIAN_POINT('',(-0.041,0.0157273845388904,-0.0661398672165212));
#5476=CARTESIAN_POINT('',(-0.024,0.0157273845388904,-0.0661398672165212));
#5477=CARTESIAN_POINT('',(-0.066,0.0112273845388904,-0.0711398672165212));
#5478=CARTESIAN_POINT('',(-0.045,0.0112273845388904,-0.0711398672165212));
#5479=CARTESIAN_POINT('',(-0.045,0.0112273845388904,-0.0693898672165212));
#5480=CARTESIAN_POINT('',(-0.041,0.0112273845388904,-0.0711398672165212));
#5481=CARTESIAN_POINT('',(-0.041,0.0112273845388904,-0.0728898672165212));
#5482=CARTESIAN_POINT('',(-0.045,0.0112273845388904,-0.0661398672165212));
#5483=CARTESIAN_POINT('',(-0.045,0.0157273845388904,-0.0661398672165212));
#5484=CARTESIAN_POINT('',(-0.045,0.0157273845388904,-0.0845666537456268));
#5485=CARTESIAN_POINT('',(-0.045,-0.0167726154611096,-0.0845666537456268));
#5486=CARTESIAN_POINT('',(-0.045,0.0392273845388904,-0.0845666537456268));
#5487=CARTESIAN_POINT('',(-0.045,0.0392273845388904,-0.085353260481074));
#5488=CARTESIAN_POINT('',(-0.045,0.0392273845388904,-0.0861398672165212));
#5489=CARTESIAN_POINT('',(-0.045,0.0302273845388904,-0.0861398672165212));
#5490=CARTESIAN_POINT('',(-0.045,-0.0167726154611096,-0.0861398672165212));
#5491=CARTESIAN_POINT('',(-0.045,-0.0167726154611096,-0.085353260481074));
#5492=CARTESIAN_POINT('',(-0.045,-0.0167726154611096,-0.0845666537456268));
#5493=CARTESIAN_POINT('',(-0.045,-0.0167726154611096,-0.0845666537456268));
#5494=CARTESIAN_POINT('',(-0.045,0.00672738453889037,-0.0845666537456268));
#5495=CARTESIAN_POINT('',(-0.045,0.00672738453889037,-0.0661398672165212));
#5496=CARTESIAN_POINT('',(-0.041,0.0302273845388904,-0.0811398672165212));
#5497=CARTESIAN_POINT('',(-0.041,0.0302273845388904,-0.0761398672165212));
#5498=CARTESIAN_POINT('',(-0.041,0.0157273845388904,-0.0761398672165212));
#5499=CARTESIAN_POINT('',(-0.041,0.00672738453889038,-0.0761398672165212));
#5500=CARTESIAN_POINT('',(-0.041,0.0157273845388904,-0.0811398672165212));
#5501=CARTESIAN_POINT('',(-0.041,0.00672738453889037,-0.0811398672165212));
#5502=CARTESIAN_POINT('',(-0.024,0.00672738453889037,-0.0811398672165212));
#5503=CARTESIAN_POINT('',(-2.61943244872498E-16,0.00672738453889039,0.0569510129960196));
#5504=CARTESIAN_POINT('',(-0.037,0.00672738453889037,-0.0868657106490409));
#5505=CARTESIAN_POINT('',(-0.037,0.00672738453889038,-0.0811398672165212));
#5506=CARTESIAN_POINT('',(-0.037,0.00672738453889038,-0.0761398672165212));
#5507=CARTESIAN_POINT('',(-0.02,0.00672738453889038,-0.0761398672165212));
#5508=CARTESIAN_POINT('',(-0.024,0.0157273845388904,-0.0811398672165212));
#5509=CARTESIAN_POINT('',(-0.02,0.0157273845388904,-0.0761398672165212));
#5510=CARTESIAN_POINT('',(-0.037,0.0157273845388904,-0.0761398672165212));
#5511=CARTESIAN_POINT('',(-0.037,0.0157273845388904,-0.0811398672165212));
#5512=CARTESIAN_POINT('',(-0.037,0.0157273845388904,-0.0868657106490409));
#5513=CARTESIAN_POINT('',(-2.61943244872498E-16,0.0157273845388904,0.0569510129960196));
#5514=CARTESIAN_POINT('',(-0.037,0.0302273845388904,-0.0811398672165212));
#5515=CARTESIAN_POINT('',(-0.037,0.0302273845388904,-0.0761398672165212));
#5516=CARTESIAN_POINT('',(-0.037,-0.0167726154611097,-0.0868657106490409));
#5517=CARTESIAN_POINT('',(-0.036,0.0142273845388903,-0.0761398672165212));
#5518=CARTESIAN_POINT('',(5.76795555762288E-17,-0.0167726154611096,0.0569510129960208));
#5519=CARTESIAN_POINT('',(5.76795555762288E-17,-0.0167726154611096,0.0569510129960208));
#5520=CARTESIAN_POINT('',(-0.00499999999999992,-0.0167726154611096,-0.0929656305096288));
#5521=CARTESIAN_POINT('',(5.76795555762288E-17,0.0392273845388904,0.0569510129960208));
#5522=CARTESIAN_POINT('',(-0.00499999999999992,0.0392273845388904,-0.0929656305096288));
#5523=CARTESIAN_POINT('',(-0.00499999999999992,-0.0167726154611096,-0.0929656305096288));
#5524=CARTESIAN_POINT('',(-0.005,-0.0167726154611096,-0.0922152092795921));
#5525=CARTESIAN_POINT('',(-0.005,0.0392273845388904,-0.0922152092795921));
#5526=CARTESIAN_POINT('',(-0.00500000000000008,0.0392273845388904,-0.0914647880495553));
#5527=CARTESIAN_POINT('',(-0.00500000000000008,-0.0167726154611096,-0.0914647880495553));
#5528=CARTESIAN_POINT('',(-0.00500000000000008,-0.0167726154611096,-0.0914647880495553));
#5529=CARTESIAN_POINT('',(-0.005,-0.0167726154611096,-0.0922152092795921));
#5530=CARTESIAN_POINT('',(-2.61943244872498E-16,-0.0167726154611096,0.0569510129960196));
#5531=CARTESIAN_POINT('',(-2.61943244872498E-16,-0.0167726154611096,0.0569510129960196));
#5532=CARTESIAN_POINT('',(-2.61943244872498E-16,0.0392273845388904,0.0569510129960196));
#5533=CARTESIAN_POINT('',(0.,-0.0167726154611096,0.0534755064980103));
#5534=CARTESIAN_POINT('',(0.,0.0392273845388904,0.0534755064980103));
#5535=CARTESIAN_POINT('',(0.,0.,0.));
#5536=CARTESIAN_POINT('',(0.056,0.,-0.012));
#5537=CARTESIAN_POINT('',(0.046,0.,-0.012));
#5538=CARTESIAN_POINT('',(0.046,-0.004,-0.0189282032302755));
#5539=CARTESIAN_POINT('',(0.046,0.004,-0.00507179676972449));
#5540=CARTESIAN_POINT('',(0.056,-0.004,-0.0189282032302755));
#5541=CARTESIAN_POINT('',(0.056,-0.004,-0.0189282032302755));
#5542=CARTESIAN_POINT('',(0.056,0.,-0.012));
#5543=CARTESIAN_POINT('',(0.056,0.004,-0.00507179676972449));
#5544=CARTESIAN_POINT('',(0.056,0.004,-0.00507179676972449));
#5545=CARTESIAN_POINT('',(0.056,0.0260836477965032,-0.0178217967697245));
#5546=CARTESIAN_POINT('',(0.046,0.0260836477965032,-0.0178217967697245));
#5547=CARTESIAN_POINT('',(0.046,0.0481672955930064,-0.0305717967697245));
#5548=CARTESIAN_POINT('',(0.056,0.0260836477965032,-0.0178217967697245));
#5549=CARTESIAN_POINT('',(0.056,0.0481672955930064,-0.0305717967697245));
#5550=CARTESIAN_POINT('',(0.056,0.0481672955930064,-0.0305717967697245));
#5551=CARTESIAN_POINT('',(0.056,0.0441672955930064,-0.0375));
#5552=CARTESIAN_POINT('',(0.046,0.0441672955930064,-0.0375));
#5553=CARTESIAN_POINT('',(0.046,0.0401672955930064,-0.0444282032302755));
#5554=CARTESIAN_POINT('',(0.056,0.0441672955930064,-0.0375));
#5555=CARTESIAN_POINT('',(0.056,0.0401672955930064,-0.0444282032302755));
#5556=CARTESIAN_POINT('',(0.056,0.0401672955930064,-0.0444282032302755));
#5557=CARTESIAN_POINT('',(0.056,0.0180836477965032,-0.0316782032302755));
#5558=CARTESIAN_POINT('',(0.046,0.0180836477965032,-0.0316782032302755));
#5559=CARTESIAN_POINT('',(0.056,0.0180836477965032,-0.0316782032302755));
#5560=CARTESIAN_POINT('',(0.056,0.0220836477965032,-0.01725));
#5561=CARTESIAN_POINT('',(0.056,0.,-0.012));
#5562=CARTESIAN_POINT('',(0.056,0.,-0.01375));
#5563=CARTESIAN_POINT('',(0.056,0.0441672955930064,-0.0375));
#5564=CARTESIAN_POINT('',(0.056,0.0441672955930064,-0.03925));
#5565=CARTESIAN_POINT('',(0.046,0.0220836477965032,-0.01725));
#5566=CARTESIAN_POINT('',(0.046,0.,-0.012));
#5567=CARTESIAN_POINT('',(0.046,0.,-0.016));
#5568=CARTESIAN_POINT('',(0.046,0.0441672955930064,-0.0375));
#5569=CARTESIAN_POINT('',(0.046,0.0441672955930064,-0.03925));
#5570=CARTESIAN_POINT('',(0.031,0.0441672955930064,-0.0375));
#5571=CARTESIAN_POINT('',(0.031,0.,-0.012));
#5572=CARTESIAN_POINT('',(0.036,0.,-0.012));
#5573=CARTESIAN_POINT('',(0.036,0.,-0.01025));
#5574=CARTESIAN_POINT('',(0.036,0.,-0.02));
#5575=CARTESIAN_POINT('',(0.036,0.,-0.012));
#5576=CARTESIAN_POINT('',(0.036,0.,-0.0085));
#5577=CARTESIAN_POINT('',(0.02,0.,-0.012));
#5578=CARTESIAN_POINT('',(0.045,0.,-0.012));
#5579=CARTESIAN_POINT('',(0.045,0.,-0.0155));
#5580=CARTESIAN_POINT('',(0.045,0.,-0.0100717967697245));
#5581=CARTESIAN_POINT('',(0.045,0.,-0.012));
#5582=CARTESIAN_POINT('',(0.045,0.,-0.016));
#5583=CARTESIAN_POINT('',(0.046,0.,-0.012));
#5584=CARTESIAN_POINT('',(0.,0.,0.));
#5585=CARTESIAN_POINT('',(0.045,0.0112273845388904,-0.0661398672165212));
#5586=CARTESIAN_POINT('',(0.024,0.00672738453889037,-0.0661398672165212));
#5587=CARTESIAN_POINT('',(0.041,0.00672738453889037,-0.0661398672165212));
#5588=CARTESIAN_POINT('',(0.045,0.00672738453889037,-0.0661398672165212));
#5589=CARTESIAN_POINT('',(0.045,0.0112273845388904,-0.0661398672165212));
#5590=CARTESIAN_POINT('',(0.045,0.0157273845388904,-0.0661398672165212));
#5591=CARTESIAN_POINT('',(0.024,0.0157273845388904,-0.0661398672165212));
#5592=CARTESIAN_POINT('',(0.041,0.0157273845388904,-0.0661398672165212));
#5593=CARTESIAN_POINT('',(0.041,0.0302273845388904,-0.0661398672165212));
#5594=CARTESIAN_POINT('',(0.066,0.0112273845388904,-0.0711398672165212));
#5595=CARTESIAN_POINT('',(0.041,0.0112273845388904,-0.0711398672165212));
#5596=CARTESIAN_POINT('',(0.041,0.0112273845388904,-0.0693898672165212));
#5597=CARTESIAN_POINT('',(0.045,0.0112273845388904,-0.0711398672165212));
#5598=CARTESIAN_POINT('',(0.045,0.0112273845388904,-0.0693898672165212));
#5599=CARTESIAN_POINT('',(0.041,0.0302273845388904,-0.0811398672165212));
#5600=CARTESIAN_POINT('',(0.041,0.0302273845388904,-0.0761398672165212));
#5601=CARTESIAN_POINT('',(0.041,0.00672738453889038,-0.0761398672165212));
#5602=CARTESIAN_POINT('',(0.041,0.0157273845388904,-0.0761398672165212));
#5603=CARTESIAN_POINT('',(0.041,0.00672738453889037,-0.0811398672165212));
#5604=CARTESIAN_POINT('',(0.041,0.0157273845388904,-0.0811398672165212));
#5605=CARTESIAN_POINT('',(0.045,0.0112273845388904,-0.0661398672165212));
#5606=CARTESIAN_POINT('',(0.045,0.00672738453889037,-0.0661398672165212));
#5607=CARTESIAN_POINT('',(0.045,0.00672738453889037,-0.0845666537456268));
#5608=CARTESIAN_POINT('',(0.045,-0.0167726154611096,-0.084566653745627));
#5609=CARTESIAN_POINT('',(0.045,-0.0167726154611096,-0.084566653745627));
#5610=CARTESIAN_POINT('',(0.045,-0.0167726154611096,-0.0811398672165212));
#5611=CARTESIAN_POINT('',(0.045,-0.0167726154611096,-0.0861398672165212));
#5612=CARTESIAN_POINT('',(0.045,0.0302273845388904,-0.0861398672165212));
#5613=CARTESIAN_POINT('',(0.045,0.0392273845388904,-0.0861398672165212));
#5614=CARTESIAN_POINT('',(0.045,0.0392273845388904,-0.0811398672165212));
#5615=CARTESIAN_POINT('',(0.045,0.0392273845388904,-0.084566653745627));
#5616=CARTESIAN_POINT('',(0.045,-0.0167726154611096,-0.084566653745627));
#5617=CARTESIAN_POINT('',(0.045,0.0157273845388904,-0.0845666537456268));
#5618=CARTESIAN_POINT('',(0.045,0.0157273845388904,-0.0661398672165212));
#5619=CARTESIAN_POINT('',(0.024,0.00672738453889037,-0.0811398672165212));
#5620=CARTESIAN_POINT('',(0.02,0.00672738453889038,-0.0761398672165212));
#5621=CARTESIAN_POINT('',(0.037,0.00672738453889038,-0.0761398672165212));
#5622=CARTESIAN_POINT('',(0.037,0.00672738453889038,-0.0811398672165212));
#5623=CARTESIAN_POINT('',(0.037,0.00672738453889037,-0.0868657106490409));
#5624=CARTESIAN_POINT('',(1.93855348440408E-16,0.00672738453889039,0.0569510129960201));
#5625=CARTESIAN_POINT('',(0.024,0.0157273845388904,-0.0811398672165212));
#5626=CARTESIAN_POINT('',(1.93855348440408E-16,0.0157273845388904,0.0569510129960201));
#5627=CARTESIAN_POINT('',(0.037,0.0157273845388904,-0.0868657106490409));
#5628=CARTESIAN_POINT('',(0.037,0.0157273845388904,-0.0811398672165212));
#5629=CARTESIAN_POINT('',(0.037,0.0157273845388904,-0.0761398672165212));
#5630=CARTESIAN_POINT('',(0.02,0.0157273845388904,-0.0761398672165212));
#5631=CARTESIAN_POINT('',(0.037,0.0302273845388904,-0.0811398672165212));
#5632=CARTESIAN_POINT('',(0.037,0.0302273845388904,-0.0761398672165212));
#5633=CARTESIAN_POINT('',(0.037,-0.0167726154611097,-0.0868657106490408));
#5634=CARTESIAN_POINT('',(0.036,0.0142273845388903,-0.0761398672165212));
#5635=CARTESIAN_POINT('',(0.005,-0.0167726154611096,-0.0922152092795921));
#5636=CARTESIAN_POINT('',(0.005,0.0392273845388904,-0.0922152092795921));
#5637=CARTESIAN_POINT('',(0.00499999999999986,0.0392273845388904,-0.0929656305096288));
#5638=CARTESIAN_POINT('',(0.005,0.0392273845388904,-0.0914647880495553));
#5639=CARTESIAN_POINT('',(0.00499999999999986,-0.0167726154611096,-0.0929656305096288));
#5640=CARTESIAN_POINT('',(0.00499999999999986,-0.0167726154611096,-0.0929656305096288));
#5641=CARTESIAN_POINT('',(0.005,-0.0167726154611096,-0.0922152092795921));
#5642=CARTESIAN_POINT('',(0.005,-0.0167726154611096,-0.0914647880495553));
#5643=CARTESIAN_POINT('',(0.005,-0.0167726154611096,-0.0914647880495553));
#5644=CARTESIAN_POINT('',(4.03323208164607E-17,-0.0167726154611096,0.0569510129960208));
#5645=CARTESIAN_POINT('',(4.03323208164607E-17,0.0392273845388904,0.0569510129960208));
#5646=CARTESIAN_POINT('',(4.03323208164607E-17,-0.0167726154611096,0.0569510129960208));
#5647=CARTESIAN_POINT('',(1.93855348440408E-16,-0.0167726154611096,0.0569510129960201));
#5648=CARTESIAN_POINT('',(1.93855348440408E-16,0.0392273845388904,0.0569510129960201));
#5649=CARTESIAN_POINT('',(1.93855348440408E-16,-0.0167726154611096,0.0569510129960201));
#5650=CARTESIAN_POINT('',(0.,-0.0167726154611096,0.0534755064980103));
#5651=CARTESIAN_POINT('',(0.,0.0392273845388904,0.0534755064980103));
#5652=MECHANICAL_DESIGN_GEOMETRIC_PRESENTATION_REPRESENTATION('',(#3272),
#5662);
#5653=MECHANICAL_DESIGN_GEOMETRIC_PRESENTATION_REPRESENTATION('',(#3273),
#5663);
#5654=MECHANICAL_DESIGN_GEOMETRIC_PRESENTATION_REPRESENTATION('',(#3274),
#5664);
#5655=MECHANICAL_DESIGN_GEOMETRIC_PRESENTATION_REPRESENTATION('',(#3275),
#5665);
#5656=MECHANICAL_DESIGN_GEOMETRIC_PRESENTATION_REPRESENTATION('',(#3276),
#5666);
#5657=MECHANICAL_DESIGN_GEOMETRIC_PRESENTATION_REPRESENTATION('',(#3277),
#5667);
#5658=MECHANICAL_DESIGN_GEOMETRIC_PRESENTATION_REPRESENTATION('',(#3278),
#5668);
#5659=MECHANICAL_DESIGN_GEOMETRIC_PRESENTATION_REPRESENTATION('',(#3279),
#5669);
#5660=MECHANICAL_DESIGN_GEOMETRIC_PRESENTATION_REPRESENTATION('',(#3280),
#5670);
#5661=MECHANICAL_DESIGN_GEOMETRIC_PRESENTATION_REPRESENTATION('',(#3281),
#5671);
#5662=(
GEOMETRIC_REPRESENTATION_CONTEXT(3)
GLOBAL_UNCERTAINTY_ASSIGNED_CONTEXT((#5672))
GLOBAL_UNIT_ASSIGNED_CONTEXT((#5702,#5692,#5682))
REPRESENTATION_CONTEXT('Part 1','TOP_LEVEL_ASSEMBLY_PART')
);
#5663=(
GEOMETRIC_REPRESENTATION_CONTEXT(3)
GLOBAL_UNCERTAINTY_ASSIGNED_CONTEXT((#5673))
GLOBAL_UNIT_ASSIGNED_CONTEXT((#5703,#5693,#5683))
REPRESENTATION_CONTEXT('Part 5','TOP_LEVEL_ASSEMBLY_PART')
);
#5664=(
GEOMETRIC_REPRESENTATION_CONTEXT(3)
GLOBAL_UNCERTAINTY_ASSIGNED_CONTEXT((#5674))
GLOBAL_UNIT_ASSIGNED_CONTEXT((#5704,#5694,#5684))
REPRESENTATION_CONTEXT('Part 6','TOP_LEVEL_ASSEMBLY_PART')
);
#5665=(
GEOMETRIC_REPRESENTATION_CONTEXT(3)
GLOBAL_UNCERTAINTY_ASSIGNED_CONTEXT((#5675))
GLOBAL_UNIT_ASSIGNED_CONTEXT((#5705,#5695,#5685))
REPRESENTATION_CONTEXT('Part 8','TOP_LEVEL_ASSEMBLY_PART')
);
#5666=(
GEOMETRIC_REPRESENTATION_CONTEXT(3)
GLOBAL_UNCERTAINTY_ASSIGNED_CONTEXT((#5676))
GLOBAL_UNIT_ASSIGNED_CONTEXT((#5706,#5696,#5686))
REPRESENTATION_CONTEXT('Part 7','TOP_LEVEL_ASSEMBLY_PART')
);
#5667=(
GEOMETRIC_REPRESENTATION_CONTEXT(3)
GLOBAL_UNCERTAINTY_ASSIGNED_CONTEXT((#5677))
GLOBAL_UNIT_ASSIGNED_CONTEXT((#5707,#5697,#5687))
REPRESENTATION_CONTEXT('Part 2','TOP_LEVEL_ASSEMBLY_PART')
);
#5668=(
GEOMETRIC_REPRESENTATION_CONTEXT(3)
GLOBAL_UNCERTAINTY_ASSIGNED_CONTEXT((#5678))
GLOBAL_UNIT_ASSIGNED_CONTEXT((#5708,#5698,#5688))
REPRESENTATION_CONTEXT('Part 4','TOP_LEVEL_ASSEMBLY_PART')
);
#5669=(
GEOMETRIC_REPRESENTATION_CONTEXT(3)
GLOBAL_UNCERTAINTY_ASSIGNED_CONTEXT((#5679))
GLOBAL_UNIT_ASSIGNED_CONTEXT((#5709,#5699,#5689))
REPRESENTATION_CONTEXT('Part 10','TOP_LEVEL_ASSEMBLY_PART')
);
#5670=(
GEOMETRIC_REPRESENTATION_CONTEXT(3)
GLOBAL_UNCERTAINTY_ASSIGNED_CONTEXT((#5680))
GLOBAL_UNIT_ASSIGNED_CONTEXT((#5710,#5700,#5690))
REPRESENTATION_CONTEXT('Part 3','TOP_LEVEL_ASSEMBLY_PART')
);
#5671=(
GEOMETRIC_REPRESENTATION_CONTEXT(3)
GLOBAL_UNCERTAINTY_ASSIGNED_CONTEXT((#5681))
GLOBAL_UNIT_ASSIGNED_CONTEXT((#5711,#5701,#5691))
REPRESENTATION_CONTEXT('Part 9','TOP_LEVEL_ASSEMBLY_PART')
);
#5672=UNCERTAINTY_MEASURE_WITH_UNIT(LENGTH_MEASURE(1.E-8),#5702,
'DISTANCE_ACCURACY_VALUE','Maximum Tolerance applied to model');
#5673=UNCERTAINTY_MEASURE_WITH_UNIT(LENGTH_MEASURE(2.E-5),#5703,
'DISTANCE_ACCURACY_VALUE','Maximum Tolerance applied to model');
#5674=UNCERTAINTY_MEASURE_WITH_UNIT(LENGTH_MEASURE(1.E-8),#5704,
'DISTANCE_ACCURACY_VALUE','Maximum Tolerance applied to model');
#5675=UNCERTAINTY_MEASURE_WITH_UNIT(LENGTH_MEASURE(2.E-5),#5705,
'DISTANCE_ACCURACY_VALUE','Maximum Tolerance applied to model');
#5676=UNCERTAINTY_MEASURE_WITH_UNIT(LENGTH_MEASURE(1.E-8),#5706,
'DISTANCE_ACCURACY_VALUE','Maximum Tolerance applied to model');
#5677=UNCERTAINTY_MEASURE_WITH_UNIT(LENGTH_MEASURE(1.E-8),#5707,
'DISTANCE_ACCURACY_VALUE','Maximum Tolerance applied to model');
#5678=UNCERTAINTY_MEASURE_WITH_UNIT(LENGTH_MEASURE(1.E-8),#5708,
'DISTANCE_ACCURACY_VALUE','Maximum Tolerance applied to model');
#5679=UNCERTAINTY_MEASURE_WITH_UNIT(LENGTH_MEASURE(1.E-8),#5709,
'DISTANCE_ACCURACY_VALUE','Maximum Tolerance applied to model');
#5680=UNCERTAINTY_MEASURE_WITH_UNIT(LENGTH_MEASURE(1.E-8),#5710,
'DISTANCE_ACCURACY_VALUE','Maximum Tolerance applied to model');
#5681=UNCERTAINTY_MEASURE_WITH_UNIT(LENGTH_MEASURE(1.E-8),#5711,
'DISTANCE_ACCURACY_VALUE','Maximum Tolerance applied to model');
#5682=(
NAMED_UNIT(*)
SI_UNIT($,.STERADIAN.)
SOLID_ANGLE_UNIT()
);
#5683=(
NAMED_UNIT(*)
SI_UNIT($,.STERADIAN.)
SOLID_ANGLE_UNIT()
);
#5684=(
NAMED_UNIT(*)
SI_UNIT($,.STERADIAN.)
SOLID_ANGLE_UNIT()
);
#5685=(
NAMED_UNIT(*)
SI_UNIT($,.STERADIAN.)
SOLID_ANGLE_UNIT()
);
#5686=(
NAMED_UNIT(*)
SI_UNIT($,.STERADIAN.)
SOLID_ANGLE_UNIT()
);
#5687=(
NAMED_UNIT(*)
SI_UNIT($,.STERADIAN.)
SOLID_ANGLE_UNIT()
);
#5688=(
NAMED_UNIT(*)
SI_UNIT($,.STERADIAN.)
SOLID_ANGLE_UNIT()
);
#5689=(
NAMED_UNIT(*)
SI_UNIT($,.STERADIAN.)
SOLID_ANGLE_UNIT()
);
#5690=(
NAMED_UNIT(*)
SI_UNIT($,.STERADIAN.)
SOLID_ANGLE_UNIT()
);
#5691=(
NAMED_UNIT(*)
SI_UNIT($,.STERADIAN.)
SOLID_ANGLE_UNIT()
);
#5692=(
NAMED_UNIT(*)
PLANE_ANGLE_UNIT()
SI_UNIT($,.RADIAN.)
);
#5693=(
NAMED_UNIT(*)
PLANE_ANGLE_UNIT()
SI_UNIT($,.RADIAN.)
);
#5694=(
NAMED_UNIT(*)
PLANE_ANGLE_UNIT()
SI_UNIT($,.RADIAN.)
);
#5695=(
NAMED_UNIT(*)
PLANE_ANGLE_UNIT()
SI_UNIT($,.RADIAN.)
);
#5696=(
NAMED_UNIT(*)
PLANE_ANGLE_UNIT()
SI_UNIT($,.RADIAN.)
);
#5697=(
NAMED_UNIT(*)
PLANE_ANGLE_UNIT()
SI_UNIT($,.RADIAN.)
);
#5698=(
NAMED_UNIT(*)
PLANE_ANGLE_UNIT()
SI_UNIT($,.RADIAN.)
);
#5699=(
NAMED_UNIT(*)
PLANE_ANGLE_UNIT()
SI_UNIT($,.RADIAN.)
);
#5700=(
NAMED_UNIT(*)
PLANE_ANGLE_UNIT()
SI_UNIT($,.RADIAN.)
);
#5701=(
NAMED_UNIT(*)
PLANE_ANGLE_UNIT()
SI_UNIT($,.RADIAN.)
);
#5702=(
LENGTH_UNIT()
NAMED_UNIT(*)
SI_UNIT($,.METRE.)
);
#5703=(
LENGTH_UNIT()
NAMED_UNIT(*)
SI_UNIT($,.METRE.)
);
#5704=(
LENGTH_UNIT()
NAMED_UNIT(*)
SI_UNIT($,.METRE.)
);
#5705=(
LENGTH_UNIT()
NAMED_UNIT(*)
SI_UNIT($,.METRE.)
);
#5706=(
LENGTH_UNIT()
NAMED_UNIT(*)
SI_UNIT($,.METRE.)
);
#5707=(
LENGTH_UNIT()
NAMED_UNIT(*)
SI_UNIT($,.METRE.)
);
#5708=(
LENGTH_UNIT()
NAMED_UNIT(*)
SI_UNIT($,.METRE.)
);
#5709=(
LENGTH_UNIT()
NAMED_UNIT(*)
SI_UNIT($,.METRE.)
);
#5710=(
LENGTH_UNIT()
NAMED_UNIT(*)
SI_UNIT($,.METRE.)
);
#5711=(
LENGTH_UNIT()
NAMED_UNIT(*)
SI_UNIT($,.METRE.)
);
#5712=PRODUCT_DEFINITION_SHAPE('','',#5722);
#5713=PRODUCT_DEFINITION_SHAPE('','',#5723);
#5714=PRODUCT_DEFINITION_SHAPE('','',#5724);
#5715=PRODUCT_DEFINITION_SHAPE('','',#5725);
#5716=PRODUCT_DEFINITION_SHAPE('','',#5726);
#5717=PRODUCT_DEFINITION_SHAPE('','',#5727);
#5718=PRODUCT_DEFINITION_SHAPE('','',#5728);
#5719=PRODUCT_DEFINITION_SHAPE('','',#5729);
#5720=PRODUCT_DEFINITION_SHAPE('','',#5730);
#5721=PRODUCT_DEFINITION_SHAPE('','',#5731);
#5722=PRODUCT_DEFINITION('','',#5742,#5732);
#5723=PRODUCT_DEFINITION('','',#5743,#5733);
#5724=PRODUCT_DEFINITION('','',#5744,#5734);
#5725=PRODUCT_DEFINITION('','',#5745,#5735);
#5726=PRODUCT_DEFINITION('','',#5746,#5736);
#5727=PRODUCT_DEFINITION('','',#5747,#5737);
#5728=PRODUCT_DEFINITION('','',#5748,#5738);
#5729=PRODUCT_DEFINITION('','',#5749,#5739);
#5730=PRODUCT_DEFINITION('','',#5750,#5740);
#5731=PRODUCT_DEFINITION('','',#5751,#5741);
#5732=PRODUCT_DEFINITION_CONTEXT('',#5802,'design');
#5733=PRODUCT_DEFINITION_CONTEXT('',#5803,'design');
#5734=PRODUCT_DEFINITION_CONTEXT('',#5804,'design');
#5735=PRODUCT_DEFINITION_CONTEXT('',#5805,'design');
#5736=PRODUCT_DEFINITION_CONTEXT('',#5806,'design');
#5737=PRODUCT_DEFINITION_CONTEXT('',#5807,'design');
#5738=PRODUCT_DEFINITION_CONTEXT('',#5808,'design');
#5739=PRODUCT_DEFINITION_CONTEXT('',#5809,'design');
#5740=PRODUCT_DEFINITION_CONTEXT('',#5810,'design');
#5741=PRODUCT_DEFINITION_CONTEXT('',#5811,'design');
#5742=PRODUCT_DEFINITION_FORMATION_WITH_SPECIFIED_SOURCE('','',#5762,
 .NOT_KNOWN.);
#5743=PRODUCT_DEFINITION_FORMATION_WITH_SPECIFIED_SOURCE('','',#5763,
 .NOT_KNOWN.);
#5744=PRODUCT_DEFINITION_FORMATION_WITH_SPECIFIED_SOURCE('','',#5764,
 .NOT_KNOWN.);
#5745=PRODUCT_DEFINITION_FORMATION_WITH_SPECIFIED_SOURCE('','',#5765,
 .NOT_KNOWN.);
#5746=PRODUCT_DEFINITION_FORMATION_WITH_SPECIFIED_SOURCE('','',#5766,
 .NOT_KNOWN.);
#5747=PRODUCT_DEFINITION_FORMATION_WITH_SPECIFIED_SOURCE('','',#5767,
 .NOT_KNOWN.);
#5748=PRODUCT_DEFINITION_FORMATION_WITH_SPECIFIED_SOURCE('','',#5768,
 .NOT_KNOWN.);
#5749=PRODUCT_DEFINITION_FORMATION_WITH_SPECIFIED_SOURCE('','',#5769,
 .NOT_KNOWN.);
#5750=PRODUCT_DEFINITION_FORMATION_WITH_SPECIFIED_SOURCE('','',#5770,
 .NOT_KNOWN.);
#5751=PRODUCT_DEFINITION_FORMATION_WITH_SPECIFIED_SOURCE('','',#5771,
 .NOT_KNOWN.);
#5752=PRODUCT_RELATED_PRODUCT_CATEGORY('','',(#5762));
#5753=PRODUCT_RELATED_PRODUCT_CATEGORY('','',(#5763));
#5754=PRODUCT_RELATED_PRODUCT_CATEGORY('','',(#5764));
#5755=PRODUCT_RELATED_PRODUCT_CATEGORY('','',(#5765));
#5756=PRODUCT_RELATED_PRODUCT_CATEGORY('','',(#5766));
#5757=PRODUCT_RELATED_PRODUCT_CATEGORY('','',(#5767));
#5758=PRODUCT_RELATED_PRODUCT_CATEGORY('','',(#5768));
#5759=PRODUCT_RELATED_PRODUCT_CATEGORY('','',(#5769));
#5760=PRODUCT_RELATED_PRODUCT_CATEGORY('','',(#5770));
#5761=PRODUCT_RELATED_PRODUCT_CATEGORY('','',(#5771));
#5762=PRODUCT('Part 1','Part 1','Part 1',(#5782));
#5763=PRODUCT('Part 5','Part 5','Part 5',(#5783));
#5764=PRODUCT('Part 6','Part 6','Part 6',(#5784));
#5765=PRODUCT('Part 8','Part 8','Part 8',(#5785));
#5766=PRODUCT('Part 7','Part 7','Part 7',(#5786));
#5767=PRODUCT('Part 2','Part 2','Part 2',(#5787));
#5768=PRODUCT('Part 4','Part 4','Part 4',(#5788));
#5769=PRODUCT('Part 10','Part 10','Part 10',(#5789));
#5770=PRODUCT('Part 3','Part 3','Part 3',(#5790));
#5771=PRODUCT('Part 9','Part 9','Part 9',(#5791));
#5772=PRODUCT_CATEGORY('','');
#5773=PRODUCT_CATEGORY('','');
#5774=PRODUCT_CATEGORY('','');
#5775=PRODUCT_CATEGORY('','');
#5776=PRODUCT_CATEGORY('','');
#5777=PRODUCT_CATEGORY('','');
#5778=PRODUCT_CATEGORY('','');
#5779=PRODUCT_CATEGORY('','');
#5780=PRODUCT_CATEGORY('','');
#5781=PRODUCT_CATEGORY('','');
#5782=PRODUCT_CONTEXT('',#5802,'mechanical');
#5783=PRODUCT_CONTEXT('',#5803,'mechanical');
#5784=PRODUCT_CONTEXT('',#5804,'mechanical');
#5785=PRODUCT_CONTEXT('',#5805,'mechanical');
#5786=PRODUCT_CONTEXT('',#5806,'mechanical');
#5787=PRODUCT_CONTEXT('',#5807,'mechanical');
#5788=PRODUCT_CONTEXT('',#5808,'mechanical');
#5789=PRODUCT_CONTEXT('',#5809,'mechanical');
#5790=PRODUCT_CONTEXT('',#5810,'mechanical');
#5791=PRODUCT_CONTEXT('',#5811,'mechanical');
#5792=APPLICATION_PROTOCOL_DEFINITION('international standard',
'ap242_managed_model_based_3d_engineering',2020,#5802);
#5793=APPLICATION_PROTOCOL_DEFINITION('international standard',
'ap242_managed_model_based_3d_engineering',2020,#5803);
#5794=APPLICATION_PROTOCOL_DEFINITION('international standard',
'ap242_managed_model_based_3d_engineering',2020,#5804);
#5795=APPLICATION_PROTOCOL_DEFINITION('international standard',
'ap242_managed_model_based_3d_engineering',2020,#5805);
#5796=APPLICATION_PROTOCOL_DEFINITION('international standard',
'ap242_managed_model_based_3d_engineering',2020,#5806);
#5797=APPLICATION_PROTOCOL_DEFINITION('international standard',
'ap242_managed_model_based_3d_engineering',2020,#5807);
#5798=APPLICATION_PROTOCOL_DEFINITION('international standard',
'ap242_managed_model_based_3d_engineering',2020,#5808);
#5799=APPLICATION_PROTOCOL_DEFINITION('international standard',
'ap242_managed_model_based_3d_engineering',2020,#5809);
#5800=APPLICATION_PROTOCOL_DEFINITION('international standard',
'ap242_managed_model_based_3d_engineering',2020,#5810);
#5801=APPLICATION_PROTOCOL_DEFINITION('international standard',
'ap242_managed_model_based_3d_engineering',2020,#5811);
#5802=APPLICATION_CONTEXT('managed model based 3d engineering');
#5803=APPLICATION_CONTEXT('managed model based 3d engineering');
#5804=APPLICATION_CONTEXT('managed model based 3d engineering');
#5805=APPLICATION_CONTEXT('managed model based 3d engineering');
#5806=APPLICATION_CONTEXT('managed model based 3d engineering');
#5807=APPLICATION_CONTEXT('managed model based 3d engineering');
#5808=APPLICATION_CONTEXT('managed model based 3d engineering');
#5809=APPLICATION_CONTEXT('managed model based 3d engineering');
#5810=APPLICATION_CONTEXT('managed model based 3d engineering');
#5811=APPLICATION_CONTEXT('managed model based 3d engineering');
ENDSEC;
END-ISO-10303-21;
